site_no,facility_id,generator_id,registration_no,full_address,street_address,city,zipcode,stack_height,generation_budget_mw,generation_budget_method,generation_budget_source_id,pm25_budget_lb_per_hour,pm25_budget_method,pm25_budget_source_id,pm25_lb_per_mwh,pm25_factor_method,pm25_factor_source_id,observed_capacity_mw,observed_pm25_budget_lb_per_hour,observed_pm25_lb_per_mwh,imputation_tier,is_assumption,is_upper_bound,source_url,local_pdf_path,notes,generation_budget_mwh,lon,lat,geocode_match,geocode_match_type,geocode_address,matrix_index,region_id
VA_DEQ_11541_SITE_01,deq_va_deq_11541_site_01,deq_va_deq_11541_site_01_gensets,11541,"Technology Park Drive, at the Regional Business Technology Park in Lebanon, Russell County, Virginia 24266","Technology Park Drive, at the Regional Business Technology Park",Lebanon,24266,15m,17.8315789473,imputed_from_pm25_budget_divided_by_pm25_factor,pm25_budget_and_factor,0.255707762557,imputed_from_pm10_budget_conservative_upper_bound,deq_permit_11541,0.0143401637798,imputed_global_median_observed_pm25_lb_per_mwh,deq_emission_factors_observed_median,,,,4,True,True,https://www.deq.virginia.gov/news-info/shortcuts/permits/air/issued-air-permits-for-data-centers,data/raw/deq/pdfs/11541-3_Northrop_Grumman_Systems_Corporation.pdf,At least one headline value is imputed from global observed medians for smoke/central baseline coverage.,17.8315789473,-82.1053973,36.8670787,True,zip_centroid_approx,ZCTA centroid 24266,639,area_pop_000639
VA_DEQ_11790_SITE_01,deq_va_deq_11790_site_01,deq_va_deq_11790_site_01_gensets,11790,5978 Windswept Blvd Wise Virginia,5978 Windswept Blvd,Wise,24293,15m,56.9973684209,imputed_from_pm25_budget_divided_by_pm25_factor,pm25_budget_and_factor,0.817351598174,imputed_global_median_pm25_budget,global_median_pm25_budget,0.0143401637798,imputed_global_median_observed_pm25_lb_per_mwh,deq_emission_factors_observed_median,,,,4,True,True,https://www.deq.virginia.gov/news-info/shortcuts/permits/air/issued-air-permits-for-data-centers,data/raw/deq/pdfs/11790-1_DP_Facilities_Inc_South_LLC.pdf,At least one headline value is imputed from global observed medians for smoke/central baseline coverage.,56.9973684209,-82.526258670654,36.976248100142,True,Exact,"5978 WINDSWEPT BLVD, WISE, VA, 24293",733,area_pop_000733
VA_DEQ_21527_SITE_01,deq_va_deq_21527_site_01,deq_va_deq_21527_site_01_gensets,21527,101 Herbert Drive Boydton VA 23917,101 Herbert Drive,Boydton,23917,15m,279.8,extracted_generator_capacity_mw,deq_permit_21527,2.28310502283,permit_extracted_pm25_budget,deq_permit_21527,0.00815977492076,permit_pm25_budget_divided_by_extracted_capacity,deq_permit_21527,279.8,2.28310502283,0.00815977492076,0,False,True,https://www.deq.virginia.gov/news-info/shortcuts/permits/air/issued-air-permits-for-data-centers,data/raw/deq/pdfs/21527-15_Microsoft_Corporation_-_East_Coast_Data_Center.pdf,All headline PM2.5 values are directly permit-derived from extracted budget and capacity.,279.8,-78.3412475,36.6237844,True,zip_centroid_approx,ZCTA centroid 23917,105,area_pop_000105
VA_DEQ_30142_SITE_01,deq_va_deq_30142_site_01,deq_va_deq_30142_site_01_gensets,30142,250 Burlington Drive Clarksville VA 23927,250 Burlington Drive,Clarksville,23927,15m,56.9973684209,imputed_from_pm25_budget_divided_by_pm25_factor,pm25_budget_and_factor,0.817351598174,imputed_global_median_pm25_budget,global_median_pm25_budget,0.0143401637798,imputed_global_median_observed_pm25_lb_per_mwh,deq_emission_factors_observed_median,,,,4,True,True,https://www.deq.virginia.gov/news-info/shortcuts/permits/air/issued-air-permits-for-data-centers,data/raw/deq/pdfs/30142-3_TECfusions_Clarksville_LLC.pdf,At least one headline value is imputed from global observed medians for smoke/central baseline coverage.,56.9973684209,-78.549838661319,36.601755378806,True,Exact,"250 BURLINGTON DR, CLARKSVILLE, VA, 23927",17,area_pop_000017
VA_DEQ_41064_SITE_01,deq_va_deq_41064_site_01,deq_va_deq_41064_site_01_gensets,41064,18155 Technology Drive Culpeper VA 22701,18155 Technology Drive,Culpeper,22701,15m,854.960526314,imputed_from_pm25_budget_divided_by_pm25_factor,pm25_budget_and_factor,12.2602739726,imputed_from_pm10_budget_conservative_upper_bound,deq_permit_41064,0.0143401637798,imputed_global_median_observed_pm25_lb_per_mwh,deq_emission_factors_observed_median,,,,4,True,True,https://www.deq.virginia.gov/news-info/shortcuts/permits/air/issued-air-permits-for-data-centers,"data/raw/deq/pdfs/41064-8_Equinix,_LLC_-_CU_1-4.pdf",At least one headline value is imputed from global observed medians for smoke/central baseline coverage.,854.960526314,-77.9963146,38.4403435,True,zip_centroid_approx,ZCTA centroid 22701,2274,area_pop_002274
VA_DEQ_51232_SITE_01,deq_va_deq_51232_site_01,deq_va_deq_51232_site_01_gensets,51232,6000 Technology Boulevard Sandston Virginia,6000 Technology Boulevard,Sandston,23150,15m,60.4999999999,imputed_from_pm25_budget_divided_by_pm25_factor,pm25_budget_and_factor,0.867579908676,permit_extracted_pm25_budget,deq_permit_51232,0.0143401637798,imputed_global_median_observed_pm25_lb_per_mwh,deq_emission_factors_observed_median,,0.867579908676,,4,True,True,https://www.deq.virginia.gov/news-info/shortcuts/permits/air/issued-air-permits-for-data-centers,data/raw/deq/pdfs/51232-16_QTS_Richmond_Data_Center.pdf,At least one headline value is imputed from global observed medians for smoke/central baseline coverage.,60.4999999999,-77.2539888,37.5071516,True,zip_centroid_approx,ZCTA centroid 23150,1517,area_pop_001517
VA_DEQ_52173_SITE_01,deq_va_deq_52173_site_01,deq_va_deq_52173_site_01_gensets,52173,11751 Meadowville Lane Chester Virginia 23836,11751 Meadowville Lane,Chester,23836,15m,56.9973684209,imputed_from_pm25_budget_divided_by_pm25_factor,pm25_budget_and_factor,0.817351598174,imputed_global_median_pm25_budget,global_median_pm25_budget,0.0143401637798,imputed_global_median_observed_pm25_lb_per_mwh,deq_emission_factors_observed_median,,,,4,True,True,https://www.deq.virginia.gov/news-info/shortcuts/permits/air/issued-air-permits-for-data-centers,data/raw/deq/pdfs/52173-1_11751_Meadowville_Owner_LLC_c_o_GFH_Capital_Ltd.pdf,At least one headline value is imputed from global observed medians for smoke/central baseline coverage.,56.9973684209,-77.331345590188,37.363577414213,True,Exact,"11751 MEADOWVILLE LN, CHESTER, VA, 23836",1281,area_pop_001281
VA_DEQ_52221_SITE_01,deq_va_deq_52221_site_01,deq_va_deq_52221_site_01_gensets,52221,8011 Villa Park Drive Richmond Virginia 23228,8011 Villa Park Drive,Richmond,23228,15m,9.55263157893,imputed_from_pm25_budget_divided_by_pm25_factor,pm25_budget_and_factor,0.13698630137,imputed_from_pm10_budget_conservative_upper_bound,deq_permit_52221,0.0143401637798,imputed_global_median_observed_pm25_lb_per_mwh,deq_emission_factors_observed_median,,,,4,True,True,https://www.deq.virginia.gov/news-info/shortcuts/permits/air/issued-air-permits-for-data-centers,data/raw/deq/pdfs/52221-9_Bank_of_America_-_Villa_Park_Drive.pdf,At least one headline value is imputed from global observed medians for smoke/central baseline coverage.,9.55263157893,-77.463741908393,37.628403250036,True,Exact,"8011 VILLA PARK DR, RICHMOND, VA, 23228",1638,area_pop_001638
VA_DEQ_52281_SITE_01,deq_va_deq_52281_site_01,deq_va_deq_52281_site_01_gensets,52281,"4871 Cox Road Glen Allen, VA 23060",4871 Cox Road,Glen Allen,23060,15m,56.9973684209,imputed_from_pm25_budget_divided_by_pm25_factor,pm25_budget_and_factor,0.817351598174,imputed_global_median_pm25_budget,global_median_pm25_budget,0.0143401637798,imputed_global_median_observed_pm25_lb_per_mwh,deq_emission_factors_observed_median,,,,4,True,True,https://www.deq.virginia.gov/news-info/shortcuts/permits/air/issued-air-permits-for-data-centers,data/raw/deq/pdfs/52281-10_Capital_One_Services_Incorporated.pdf,At least one headline value is imputed from global observed medians for smoke/central baseline coverage.,56.9973684209,-77.568293981141,37.669387851577,True,Exact,"4871 COX RD, GLEN ALLEN, VA, 23060",1659,area_pop_001659
VA_DEQ_52299_SITE_01,deq_va_deq_52299_site_01,deq_va_deq_52299_site_01_gensets,52299,8851 - B Park Central Drive Richmond VA 23227,8851 - B Park Central Drive,Richmond,23227,15m,9.55263157893,imputed_from_pm25_budget_divided_by_pm25_factor,pm25_budget_and_factor,0.13698630137,imputed_city_median_pm10_budget_conservative_upper_bound,city_median_pm10_budget,0.0143401637798,imputed_global_median_observed_pm25_lb_per_mwh,deq_emission_factors_observed_median,,,,4,True,True,https://www.deq.virginia.gov/news-info/shortcuts/permits/air/issued-air-permits-for-data-centers,data/raw/deq/pdfs/52299-3_Peak_10_Incorporated.pdf,At least one headline value is imputed from global observed medians for smoke/central baseline coverage.,9.55263157893,-77.440958916144,37.647534855221,True,Non_Exact,"8851 PARK CENTRAL DR, RICHMOND, VA, 23227",1650,area_pop_001650
VA_DEQ_52403_SITE_01,deq_va_deq_52403_site_01,deq_va_deq_52403_site_01_gensets,52403,6050 Technology Creek Drive Sandston Virginia 23150,6050 Technology Creek Drive,Sandston,23150,15m,27.0657894736,imputed_from_pm25_budget_divided_by_pm25_factor,pm25_budget_and_factor,0.388127853881,imputed_from_pm10_budget_conservative_upper_bound,deq_permit_52403,0.0143401637798,imputed_global_median_observed_pm25_lb_per_mwh,deq_emission_factors_observed_median,,,,4,True,True,https://www.deq.virginia.gov/news-info/shortcuts/permits/air/issued-air-permits-for-data-centers,data/raw/deq/pdfs/52403-9_Bank_of_America-Sandston.pdf,At least one headline value is imputed from global observed medians for smoke/central baseline coverage.,27.0657894736,-77.2539888,37.5071516,True,zip_centroid_approx,ZCTA centroid 23150,1517,area_pop_001517
VA_DEQ_52432_SITE_01,deq_va_deq_52432_site_01,deq_va_deq_52432_site_01_gensets,52432,1401 Meadowville Rd Chester Virginia 23836,1401 Meadowville Rd,Chester,23836,15m,56.9973684209,imputed_from_pm25_budget_divided_by_pm25_factor,pm25_budget_and_factor,0.817351598174,imputed_global_median_pm25_budget,global_median_pm25_budget,0.0143401637798,imputed_global_median_observed_pm25_lb_per_mwh,deq_emission_factors_observed_median,,,,4,True,True,https://www.deq.virginia.gov/news-info/shortcuts/permits/air/issued-air-permits-for-data-centers,data/raw/deq/pdfs/52432-6_Chirisa_Richmond_LLC.pdf,At least one headline value is imputed from global observed medians for smoke/central baseline coverage.,56.9973684209,-77.325260966693,37.361747407971,True,Non_Exact,"1401 MEADOWVILLE TECHNOLOGY PKWY, CHESTER, VA, 23836",1281,area_pop_001281
VA_DEQ_52629_SITE_01,deq_va_deq_52629_site_01,deq_va_deq_52629_site_01_gensets,52629,"White Oak Technology Park, Sandston, Virginia 23150",White Oak Technology Park,Sandston,23150,15m,139.468421052,imputed_from_pm25_budget_divided_by_pm25_factor,pm25_budget_and_factor,2.0,imputed_from_pm10_budget_conservative_upper_bound,deq_permit_52629,0.0143401637798,imputed_global_median_observed_pm25_lb_per_mwh,deq_emission_factors_observed_median,,,,4,True,True,https://www.deq.virginia.gov/news-info/shortcuts/permits/air/issued-air-permits-for-data-centers,data/raw/deq/pdfs/52629-4_Scout_Development_LLC.pdf,At least one headline value is imputed from global observed medians for smoke/central baseline coverage.,139.468421052,-77.2539888,37.5071516,True,zip_centroid_approx,ZCTA centroid 23150,1517,area_pop_001517
VA_DEQ_52820_SITE_01,deq_va_deq_52820_site_01,deq_va_deq_52820_site_01_gensets,52820,960 Prison Road Boydton VA 23917,960 Prison Road,Boydton,23917,15m,76.4210526315,imputed_from_pm25_budget_divided_by_pm25_factor,pm25_budget_and_factor,1.09589041096,permit_extracted_pm25_budget,deq_permit_52820,0.0143401637798,imputed_global_median_observed_pm25_lb_per_mwh,deq_emission_factors_observed_median,,1.09589041096,,4,True,True,https://www.deq.virginia.gov/news-info/shortcuts/permits/air/issued-air-permits-for-data-centers,data/raw/deq/pdfs/52820-3_Microsoft_Corp_-_LVL_Data_Center.pdf,At least one headline value is imputed from global observed medians for smoke/central baseline coverage.,76.4210526315,-78.365845422816,36.662031189304,True,Exact,"960 PRISON RD, BOYDTON, VA, 23917",104,area_pop_000104
VA_DEQ_52903_SITE_01,deq_va_deq_52903_site_01,deq_va_deq_52903_site_01_gensets,52903,608 Ridge Road Boydton VA 23917,608 Ridge Road,Boydton,23917,15m,125.75,extracted_generator_capacity_mw,deq_permit_52903,0.936073059361,permit_extracted_pm25_budget,deq_permit_52903,0.00744392094919,permit_pm25_budget_divided_by_extracted_capacity,deq_permit_52903,125.75,0.936073059361,0.00744392094919,0,False,True,https://www.deq.virginia.gov/news-info/shortcuts/permits/air/issued-air-permits-for-data-centers,data/raw/deq/pdfs/52903-4_Microsoft_Corporation_-_Timber_Data_Center.pdf,All headline PM2.5 values are directly permit-derived from extracted budget and capacity.,125.75,-78.3412475,36.6237844,True,zip_centroid_approx,ZCTA centroid 23917,105,area_pop_000105
VA_DEQ_52949_SITE_01,deq_va_deq_52949_site_01,deq_va_deq_52949_site_01_gensets,52949,210 Turnstall Road South Hill VA,210 Turnstall Road,South Hill,23970,15m,57.3157894735,imputed_from_pm25_budget_divided_by_pm25_factor,pm25_budget_and_factor,0.821917808219,permit_extracted_pm25_budget,deq_permit_52949,0.0143401637798,imputed_global_median_observed_pm25_lb_per_mwh,deq_emission_factors_observed_median,,0.821917808219,,4,True,True,https://www.deq.virginia.gov/news-info/shortcuts/permits/air/issued-air-permits-for-data-centers,data/raw/deq/pdfs/52949-2_Microsoft_Corporation_-_AVC_Data_Center.pdf,At least one headline value is imputed from global observed medians for smoke/central baseline coverage.,57.3157894735,-78.1863664,36.7481144,True,zip_centroid_approx,ZCTA centroid 23970,225,area_pop_000225
VA_DEQ_52973_SITE_01,deq_va_deq_52973_site_01,deq_va_deq_52973_site_01_gensets,52973,"AVC09 Datacenter Roanoke River Regional Business Park, La Crosse, Virginia 23950",AVC09 Datacenter Roanoke River Regional Business Park,La Crosse,23950,15m,57.3157894735,imputed_from_pm25_budget_divided_by_pm25_factor,pm25_budget_and_factor,0.821917808219,permit_extracted_pm25_budget,deq_permit_52973,0.0143401637798,imputed_global_median_observed_pm25_lb_per_mwh,deq_emission_factors_observed_median,,0.821917808219,,4,True,True,https://www.deq.virginia.gov/news-info/shortcuts/permits/air/issued-air-permits-for-data-centers,data/raw/deq/pdfs/52973-2_Microsoft_Corp_DCS_-_AVC09_Datacenter.pdf,At least one headline value is imputed from global observed medians for smoke/central baseline coverage.,57.3157894735,-78.076973,36.6600553,True,zip_centroid_approx,ZCTA centroid 23950,107,area_pop_000107
VA_DEQ_53071_SITE_01,deq_va_deq_53071_site_01,deq_va_deq_53071_site_01_gensets,53071,2 Butts Street South Hill VA 23970,2 Butts Street,South Hill,23970,15m,62.5,extracted_generator_capacity_mw,deq_permit_53071,0.958904109589,permit_extracted_pm25_budget,deq_permit_53071,0.0153424657534,permit_pm25_budget_divided_by_extracted_capacity,deq_permit_53071,62.5,0.958904109589,0.0153424657534,0,False,True,https://www.deq.virginia.gov/news-info/shortcuts/permits/air/issued-air-permits-for-data-centers,data/raw/deq/pdfs/53071-1_Microsoft_Corporation_-_AVC43_Datacenter.pdf,All headline PM2.5 values are directly permit-derived from extracted budget and capacity.,62.5,-78.1863664,36.7481144,True,zip_centroid_approx,ZCTA centroid 23970,225,area_pop_000225
VA_DEQ_53072_SITE_01,deq_va_deq_53072_site_01,deq_va_deq_53072_site_01_gensets,53072,Intersection of US Highway 58 and Ridge Road Boydton VA 23917,Intersection of US Highway 58 and Ridge Road,Boydton,23917,15m,60.5,extracted_generator_capacity_mw,deq_permit_53072,0.867579908676,permit_extracted_pm25_budget,deq_permit_53072,0.0143401637798,permit_pm25_budget_divided_by_extracted_capacity,deq_permit_53072,60.5,0.867579908676,0.0143401637798,0,False,True,https://www.deq.virginia.gov/news-info/shortcuts/permits/air/issued-air-permits-for-data-centers,data/raw/deq/pdfs/53072-1_Microsoft_Corp_-_LYH10_Datacenter.pdf,All headline PM2.5 values are directly permit-derived from extracted budget and capacity.,60.5,-78.35058192975,36.68173371952,True,Non_Exact,"US HWY 58 & RIDGE RD, BOYDTON, VA, 23917",104,area_pop_000104
VA_DEQ_53086_SITE_01,deq_va_deq_53086_site_01,deq_va_deq_53086_site_01_gensets,53086,39 Commerce Drive Boydton VA 23917,39 Commerce Drive,Boydton,23917,15m,60.5,extracted_generator_capacity_mw,deq_permit_53086,0.867579908676,permit_extracted_pm25_budget,deq_permit_53086,0.0143401637798,permit_pm25_budget_divided_by_extracted_capacity,deq_permit_53086,60.5,0.867579908676,0.0143401637798,0,False,True,https://www.deq.virginia.gov/news-info/shortcuts/permits/air/issued-air-permits-for-data-centers,data/raw/deq/pdfs/53086-2_Microsoft_Corp_-_AVC17_Datacenter.pdf,All headline PM2.5 values are directly permit-derived from extracted budget and capacity.,60.5,-78.3412475,36.6237844,True,zip_centroid_approx,ZCTA centroid 23917,105,area_pop_000105
VA_DEQ_53197_SITE_01,deq_va_deq_53197_site_01,deq_va_deq_53197_site_01_gensets,53197,12174 Washington Highway Ashland VA,12174 Washington Highway,Ashland,23005,15m,39.8026315789,imputed_from_pm25_budget_divided_by_pm25_factor,pm25_budget_and_factor,0.570776255708,permit_extracted_pm25_budget,deq_permit_53197,0.0143401637798,imputed_global_median_observed_pm25_lb_per_mwh,deq_emission_factors_observed_median,,0.570776255708,,4,True,True,https://www.deq.virginia.gov/news-info/shortcuts/permits/air/issued-air-permits-for-data-centers,data/raw/deq/pdfs/53197-1_CLOP_Ashland_VA_LLC.pdf,At least one headline value is imputed from global observed medians for smoke/central baseline coverage.,39.8026315789,-77.471078184937,37.737394976854,True,Exact,"12174 WASHINGTON HWY, ASHLAND, VA, 23005",1723,area_pop_001723
VA_DEQ_53198_SITE_01,deq_va_deq_53198_site_01,deq_va_deq_53198_site_01_gensets,53198,Northwest of the intersection of Highway 92 and Butler Farm Road Chase City VA 23927,Northwest of the intersection of Highway 92 and Butler Farm Road,Chase City,23927,15m,60.5,extracted_generator_capacity_mw,deq_permit_53198,0.890410958904,permit_extracted_pm25_budget,deq_permit_53198,0.0147175365108,permit_pm25_budget_divided_by_extracted_capacity,deq_permit_53198,60.5,0.890410958904,0.0147175365108,0,False,True,https://www.deq.virginia.gov/news-info/shortcuts/permits/air/issued-air-permits-for-data-centers,data/raw/deq/pdfs/53198-1_Microsoft_Corporation_-_LYH03_Datacenter.pdf,All headline PM2.5 values are directly permit-derived from extracted budget and capacity.,60.5,-78.5125141,36.6089982,True,zip_centroid_approx,ZCTA centroid 23927,16,area_pop_000016
VA_DEQ_60353_SITE_01,deq_va_deq_60353_site_01,deq_va_deq_60353_site_01_gensets,60353,800 Independence Boulevard Virginia Beach VA 23455,800 Independence Boulevard,Virginia Beach,23455,15m,56.9973684209,imputed_from_pm25_budget_divided_by_pm25_factor,pm25_budget_and_factor,0.817351598174,imputed_global_median_pm25_budget,global_median_pm25_budget,0.0143401637798,imputed_global_median_observed_pm25_lb_per_mwh,deq_emission_factors_observed_median,,,,4,True,True,https://www.deq.virginia.gov/news-info/shortcuts/permits/air/issued-air-permits-for-data-centers,data/raw/deq/pdfs/60353-5_Sentara_Healthcare.pdf,At least one headline value is imputed from global observed medians for smoke/central baseline coverage.,56.9973684209,-76.132545951719,36.867391078249,True,Exact,"800 INDEPENDENCE BLVD, VIRGINIA BEACH, VA, 23455",478,area_pop_000478
VA_DEQ_71804_SITE_01,deq_va_deq_71804_site_01,deq_va_deq_71804_site_01_gensets,71804,7990 Science Applications Court Vienna Virginia 22182,7990 Science Applications Court,Vienna,22182,15m,56.9973684209,imputed_from_pm25_budget_divided_by_pm25_factor,pm25_budget_and_factor,0.817351598174,imputed_global_median_pm25_budget,global_median_pm25_budget,0.0143401637798,imputed_global_median_observed_pm25_lb_per_mwh,deq_emission_factors_observed_median,,,,4,True,True,https://www.deq.virginia.gov/news-info/shortcuts/permits/air/issued-air-permits-for-data-centers,data/raw/deq/pdfs/71804-3_Vienna_Cloud.pdf,At least one headline value is imputed from global observed medians for smoke/central baseline coverage.,56.9973684209,-77.221383631841,38.907931627864,True,Exact,"7990 SCIENCE APPLICATIONS CT, VIENNA, VA, 22182",3204,area_pop_003204
VA_DEQ_72296_SITE_01,deq_va_deq_72296_site_01,deq_va_deq_72296_site_01_gensets,72296,"12100 Sunrise Valley Drive Reston, Fairfax County, VA 20191",12100 Sunrise Valley Drive,Reston,20191,15m,9.07499999995,imputed_from_pm25_budget_divided_by_pm25_factor,pm25_budget_and_factor,0.130136986301,imputed_city_median_pm25_budget,city_median_pm25_budget,0.0143401637798,imputed_global_median_observed_pm25_lb_per_mwh,deq_emission_factors_observed_median,,,,4,True,True,https://www.deq.virginia.gov/news-info/shortcuts/permits/air/issued-air-permits-for-data-centers,data/raw/deq/pdfs/72296-5_Coresite_Real_Estate_12100_Sunrise_Valley_Drive.pdf,At least one headline value is imputed from global observed medians for smoke/central baseline coverage.,9.07499999995,-77.364621365421,38.94901082641,True,Exact,"12100 SUNRISE VALLEY DR, RESTON, VA, 20191",3380,area_pop_003380
VA_DEQ_72367_SITE_01,deq_va_deq_72367_site_01,deq_va_deq_72367_site_01_gensets,72367,"22001 Loudoun County Parkway Ashburn, VA 20147",22001 Loudoun County Parkway,Ashburn,20147,15m,51.4249999999,imputed_from_pm25_budget_divided_by_pm25_factor,pm25_budget_and_factor,0.737442922375,imputed_city_median_pm25_budget,city_median_pm25_budget,0.0143401637798,imputed_global_median_observed_pm25_lb_per_mwh,deq_emission_factors_observed_median,,,,4,True,True,https://www.deq.virginia.gov/news-info/shortcuts/permits/air/issued-air-permits-for-data-centers,"data/raw/deq/pdfs/72367-4_Verizon_Business_Network_Services,_Inc..pdf",At least one headline value is imputed from global observed medians for smoke/central baseline coverage.,51.4249999999,-77.471196332045,39.008127442695,True,Exact,"22001 LOUDOUN COUNTY PKWY, ASHBURN, VA, 20147",3605,area_pop_003605
VA_DEQ_72368_SITE_01,deq_va_deq_72368_site_01,deq_va_deq_72368_site_01_gensets,72368,7777 Infantry Ridge Road Manassas Virginia 20109,7777 Infantry Ridge Road,Manassas,20109,15m,58.9078947367,imputed_from_pm25_budget_divided_by_pm25_factor,pm25_budget_and_factor,0.844748858447,imputed_city_median_pm25_budget,city_median_pm25_budget,0.0143401637798,imputed_global_median_observed_pm25_lb_per_mwh,deq_emission_factors_observed_median,,,,4,True,True,https://www.deq.virginia.gov/news-info/shortcuts/permits/air/issued-air-permits-for-data-centers,"data/raw/deq/pdfs/72368-4_Oath,_Inc..pdf",At least one headline value is imputed from global observed medians for smoke/central baseline coverage.,58.9078947367,-77.510919225164,38.803943203581,True,Exact,"7777 INFANTRY RIDGE RD, MANASSAS, VA, 20109",2776,area_pop_002776
VA_DEQ_72374_SITE_01,deq_va_deq_72374_site_01,deq_va_deq_72374_site_01_gensets,72374,11101 University Boulevard Manassas Virginia 20110,11101 University Boulevard,Manassas,20110,15m,58.9078947367,imputed_from_pm25_budget_divided_by_pm25_factor,pm25_budget_and_factor,0.844748858447,imputed_city_median_pm25_budget,city_median_pm25_budget,0.0143401637798,imputed_global_median_observed_pm25_lb_per_mwh,deq_emission_factors_observed_median,,,,4,True,True,https://www.deq.virginia.gov/news-info/shortcuts/permits/air/issued-air-permits-for-data-centers,data/raw/deq/pdfs/72374-4_Comcast_Cablevision_of_Virginia_Incorporated.pdf,At least one headline value is imputed from global observed medians for smoke/central baseline coverage.,58.9078947367,-77.52382819864,38.754932280398,True,Exact,"11101 UNIVERSITY BLVD, MANASSAS, VA, 20110",2675,area_pop_002675
VA_DEQ_72375_SITE_01,deq_va_deq_72375_site_01,deq_va_deq_72375_site_01_gensets,72375,"4030 Lafayette Center Drive Chantilly, Virginia 20151",4030 Lafayette Center Drive,Chantilly,20151,15m,26.747368421,imputed_from_pm25_budget_divided_by_pm25_factor,pm25_budget_and_factor,0.383561643836,permit_extracted_pm25_budget,deq_permit_72375,0.0143401637798,imputed_global_median_observed_pm25_lb_per_mwh,deq_emission_factors_observed_median,,0.383561643836,,4,True,True,https://www.deq.virginia.gov/news-info/shortcuts/permits/air/issued-air-permits-for-data-centers,"data/raw/deq/pdfs/72375-9_Chantilly_Technology_Partners,_LLC_H5_VA.pdf",At least one headline value is imputed from global observed medians for smoke/central baseline coverage.,26.747368421,-77.4445453,38.8958603,True,zip_centroid_approx,ZCTA centroid 20151,3179,area_pop_003179
VA_DEQ_72375_SITE_02,deq_va_deq_72375_site_02,deq_va_deq_72375_site_02_gensets,72375,"4050 Lafayette Center Drive Chantilly, Virginia 20151",4050 Lafayette Center Drive,Chantilly,20151,15m,26.747368421,imputed_from_pm25_budget_divided_by_pm25_factor,pm25_budget_and_factor,0.383561643836,permit_extracted_pm25_budget,deq_permit_72375,0.0143401637798,imputed_global_median_observed_pm25_lb_per_mwh,deq_emission_factors_observed_median,,0.383561643836,,4,True,True,https://www.deq.virginia.gov/news-info/shortcuts/permits/air/issued-air-permits-for-data-centers,"data/raw/deq/pdfs/72375-9_Chantilly_Technology_Partners,_LLC_H5_VA.pdf",At least one headline value is imputed from global observed medians for smoke/central baseline coverage.,26.747368421,-77.4445453,38.8958603,True,zip_centroid_approx,ZCTA centroid 20151,3179,area_pop_003179
VA_DEQ_72375_SITE_03,deq_va_deq_72375_site_03,deq_va_deq_72375_site_03_gensets,72375,"4040 Lafayette Center Drive Chantilly, Virginia 20151",4040 Lafayette Center Drive,Chantilly,20151,15m,26.747368421,imputed_from_pm25_budget_divided_by_pm25_factor,pm25_budget_and_factor,0.383561643836,permit_extracted_pm25_budget,deq_permit_72375,0.0143401637798,imputed_global_median_observed_pm25_lb_per_mwh,deq_emission_factors_observed_median,,0.383561643836,,4,True,True,https://www.deq.virginia.gov/news-info/shortcuts/permits/air/issued-air-permits-for-data-centers,"data/raw/deq/pdfs/72375-9_Chantilly_Technology_Partners,_LLC_H5_VA.pdf",At least one headline value is imputed from global observed medians for smoke/central baseline coverage.,26.747368421,-77.4445453,38.8958603,True,zip_centroid_approx,ZCTA centroid 20151,3179,area_pop_003179
VA_DEQ_73105_SITE_01,deq_va_deq_73105_site_01,deq_va_deq_73105_site_01_gensets,73105,"544 Herndon Parkway Herndon, VA 20170",544 Herndon Parkway,Herndon,20170,15m,57.1565789472,imputed_from_pm25_budget_divided_by_pm25_factor,pm25_budget_and_factor,0.819634703196,imputed_city_median_pm25_budget,city_median_pm25_budget,0.0143401637798,imputed_global_median_observed_pm25_lb_per_mwh,deq_emission_factors_observed_median,,,,4,True,True,https://www.deq.virginia.gov/news-info/shortcuts/permits/air/issued-air-permits-for-data-centers,data/raw/deq/pdfs/73105-2_Freddie_Mac_Corporation.pdf,At least one headline value is imputed from global observed medians for smoke/central baseline coverage.,57.1565789472,-77.382170605417,38.954699660517,True,Exact,"544 HERNDON PKWY, HERNDON, VA, 20170",3411,area_pop_003411
VA_DEQ_73158_SITE_01,deq_va_deq_73158_site_01,deq_va_deq_73158_site_01_gensets,73158,"22810 International Drive Sterling, Loudoun County, Virginia 20166",22810 International Drive,Sterling,20166,15m,57.1565789472,imputed_from_pm25_budget_divided_by_pm25_factor,pm25_budget_and_factor,0.819634703196,imputed_city_median_pm25_budget,city_median_pm25_budget,0.0143401637798,imputed_global_median_observed_pm25_lb_per_mwh,deq_emission_factors_observed_median,,,,4,True,True,https://www.deq.virginia.gov/news-info/shortcuts/permits/air/issued-air-permits-for-data-centers,data/raw/deq/pdfs/73158-3_22810-22860_International_Drive_LLC.pdf,At least one headline value is imputed from global observed medians for smoke/central baseline coverage.,57.1565789472,-77.424244550416,38.985698849186,True,Exact,"22810 INTERNATIONAL DR, STERLING, VA, 20166",3530,area_pop_003530
VA_DEQ_73160_SITE_01,deq_va_deq_73160_site_01,deq_va_deq_73160_site_01_gensets,73160,"21110 Ridgetop Circle Sterling, Virginia 20166",21110 Ridgetop Circle,Sterling,20166,15m,57.1565789472,imputed_from_pm25_budget_divided_by_pm25_factor,pm25_budget_and_factor,0.819634703196,imputed_city_median_pm25_budget,city_median_pm25_budget,0.0143401637798,imputed_global_median_observed_pm25_lb_per_mwh,deq_emission_factors_observed_median,,,,4,True,True,https://www.deq.virginia.gov/news-info/shortcuts/permits/air/issued-air-permits-for-data-centers,data/raw/deq/pdfs/73160-6_21110_Ridgetop_Circle_LLC.pdf,At least one headline value is imputed from global observed medians for smoke/central baseline coverage.,57.1565789472,-77.41360967789,39.024647380528,True,Exact,"21110 RIDGETOP CIR, STERLING, VA, 20166",3678,area_pop_003678
VA_DEQ_73160_SITE_02,deq_va_deq_73160_site_02,deq_va_deq_73160_site_02_gensets,73160,"45901 Nokes Boulevard Sterling, Virginia 20166",45901 Nokes Boulevard,Sterling,20166,15m,57.1565789472,imputed_from_pm25_budget_divided_by_pm25_factor,pm25_budget_and_factor,0.819634703196,imputed_city_median_pm25_budget,city_median_pm25_budget,0.0143401637798,imputed_global_median_observed_pm25_lb_per_mwh,deq_emission_factors_observed_median,,,,4,True,True,https://www.deq.virginia.gov/news-info/shortcuts/permits/air/issued-air-permits-for-data-centers,data/raw/deq/pdfs/73160-6_21110_Ridgetop_Circle_LLC.pdf,At least one headline value is imputed from global observed medians for smoke/central baseline coverage.,57.1565789472,-77.413809568114,39.024107562721,True,Exact,"45901 NOKES BLVD, STERLING, VA, 20166",3678,area_pop_003678
VA_DEQ_73160_SITE_03,deq_va_deq_73160_site_03,deq_va_deq_73160_site_03_gensets,73160,"45845 Nokes Boulevard Sterling, Virginia 20166",45845 Nokes Boulevard,Sterling,20166,15m,57.1565789472,imputed_from_pm25_budget_divided_by_pm25_factor,pm25_budget_and_factor,0.819634703196,imputed_city_median_pm25_budget,city_median_pm25_budget,0.0143401637798,imputed_global_median_observed_pm25_lb_per_mwh,deq_emission_factors_observed_median,,,,4,True,True,https://www.deq.virginia.gov/news-info/shortcuts/permits/air/issued-air-permits-for-data-centers,data/raw/deq/pdfs/73160-6_21110_Ridgetop_Circle_LLC.pdf,At least one headline value is imputed from global observed medians for smoke/central baseline coverage.,57.1565789472,-77.415789756062,39.024668630344,True,Exact,"45845 NOKES BLVD, STERLING, VA, 20166",3678,area_pop_003678
VA_DEQ_73162_SITE_01,deq_va_deq_73162_site_01,deq_va_deq_73162_site_01_gensets,73162,"1780 Business Center Drive Reston, VA 20190",1780 Business Center Drive,Reston,20190,15m,9.07499999995,imputed_from_pm25_budget_divided_by_pm25_factor,pm25_budget_and_factor,0.130136986301,imputed_city_median_pm25_budget,city_median_pm25_budget,0.0143401637798,imputed_global_median_observed_pm25_lb_per_mwh,deq_emission_factors_observed_median,,,,4,True,True,https://www.deq.virginia.gov/news-info/shortcuts/permits/air/issued-air-permits-for-data-centers,"data/raw/deq/pdfs/73162-3_Digital_Realty_-_Lemur_Properties,_LLC_(VA3).pdf",At least one headline value is imputed from global observed medians for smoke/central baseline coverage.,9.07499999995,-77.326073284962,38.949207919346,True,Exact,"1780 BUS CENTER DR, RESTON, VA, 20190",3355,area_pop_003355
VA_DEQ_73170_SITE_01,deq_va_deq_73170_site_01,deq_va_deq_73170_site_01_gensets,73170,"470 Spring Park Place Herndon, Fairfax County, Virginia 20170",470 Spring Park Place,Herndon,20170,15m,57.1565789472,imputed_from_pm25_budget_divided_by_pm25_factor,pm25_budget_and_factor,0.819634703196,imputed_city_median_pm25_budget,city_median_pm25_budget,0.0143401637798,imputed_global_median_observed_pm25_lb_per_mwh,deq_emission_factors_observed_median,,,,4,True,True,https://www.deq.virginia.gov/news-info/shortcuts/permits/air/issued-air-permits-for-data-centers,data/raw/deq/pdfs/73170-1_RREEF_America_REIT_II_Corp._VVV.pdf,At least one headline value is imputed from global observed medians for smoke/central baseline coverage.,57.1565789472,-77.377919896955,38.962401103314,True,Exact,"470 SPRINGPARK PL, HERNDON, VA, 20170",3467,area_pop_003467
VA_DEQ_73180_SITE_01,deq_va_deq_73180_site_01,deq_va_deq_73180_site_01_gensets,73180,8217 Linton Hall Road Bristow VA 20136,8217 Linton Hall Road,Bristow,20136,15m,388.47368421,imputed_from_pm25_budget_divided_by_pm25_factor,pm25_budget_and_factor,5.57077625571,imputed_from_pm10_budget_conservative_upper_bound,deq_permit_73180,0.0143401637798,imputed_global_median_observed_pm25_lb_per_mwh,deq_emission_factors_observed_median,,,,4,True,True,https://www.deq.virginia.gov/news-info/shortcuts/permits/air/issued-air-permits-for-data-centers,data/raw/deq/pdfs/73180-4_Digital_Realty_-_Porpoise_Ventures_LLC_(VA4).pdf,At least one headline value is imputed from global observed medians for smoke/central baseline coverage.,388.47368421,-77.596293898288,38.775816305455,True,Exact,"8217 LINTON HALL RD, BRISTOW, VA, 20136",2716,area_pop_002716
VA_DEQ_73199_SITE_01,deq_va_deq_73199_site_01,deq_va_deq_73199_site_01_gensets,73199,"44470 Chilum Place Ashburn, Loudoun County, Virginia 20147",44470 Chilum Place,Ashburn,20147,15m,232.765789473,imputed_from_pm25_budget_divided_by_pm25_factor,pm25_budget_and_factor,3.33789954338,imputed_from_pm10_budget_conservative_upper_bound,deq_permit_73199,0.0143401637798,imputed_global_median_observed_pm25_lb_per_mwh,deq_emission_factors_observed_median,,,,4,True,True,https://www.deq.virginia.gov/news-info/shortcuts/permits/air/issued-air-permits-for-data-centers,data/raw/deq/pdfs/73199-3_Equinix_LLC.pdf,At least one headline value is imputed from global observed medians for smoke/central baseline coverage.,232.765789473,-77.461073059525,39.02157493887,True,Exact,"44470 CHILUM PL, ASHBURN, VA, 20147",3676,area_pop_003676
VA_DEQ_73200_SITE_01,deq_va_deq_73200_site_01,deq_va_deq_73200_site_01_gensets,73200,"7400 Infantry Ridge Road Manassas, Virginia 20109",7400 Infantry Ridge Road,Manassas,20109,15m,58.9078947367,imputed_from_pm25_budget_divided_by_pm25_factor,pm25_budget_and_factor,0.844748858447,imputed_city_median_pm25_budget,city_median_pm25_budget,0.0143401637798,imputed_global_median_observed_pm25_lb_per_mwh,deq_emission_factors_observed_median,,,,4,True,True,https://www.deq.virginia.gov/news-info/shortcuts/permits/air/issued-air-permits-for-data-centers,"data/raw/deq/pdfs/73200-2_Equinix,_LLC_-_DC_14.pdf",At least one headline value is imputed from global observed medians for smoke/central baseline coverage.,58.9078947367,-77.514397283567,38.803725555707,True,Exact,"7400 INFANTRY RIDGE RD, MANASSAS, VA, 20109",2776,area_pop_002776
VA_DEQ_73230_SITE_01,deq_va_deq_73230_site_01,deq_va_deq_73230_site_01_gensets,73230,"7950 Jones Branch Drive McLean, VA 22107",7950 Jones Branch Drive,McLean,22107,15m,37.2552631578,imputed_from_pm25_budget_divided_by_pm25_factor,pm25_budget_and_factor,0.534246575342,imputed_city_median_pm10_budget_conservative_upper_bound,city_median_pm10_budget,0.0143401637798,imputed_global_median_observed_pm25_lb_per_mwh,deq_emission_factors_observed_median,,,,4,True,True,https://www.deq.virginia.gov/news-info/shortcuts/permits/air/issued-air-permits-for-data-centers,data/raw/deq/pdfs/73230-2_Valo_Park.pdf,At least one headline value is imputed from global observed medians for smoke/central baseline coverage.,37.2552631578,-77.216683424463,38.930244813773,True,Non_Exact,"7950 JONES BRANCH DR, MCLEAN, VA, 22102",3359,area_pop_003359
VA_DEQ_73233_SITE_01,deq_va_deq_73233_site_01,deq_va_deq_73233_site_01_gensets,73233,"21691 Filigree Court Ashburn, Virginia 20147",21691 Filigree Court,Ashburn,20147,15m,43.2352105262,imputed_from_pm25_budget_divided_by_pm25_factor,pm25_budget_and_factor,0.62,permit_extracted_pm25_budget,deq_permit_73233,0.0143401637798,imputed_global_median_observed_pm25_lb_per_mwh,deq_emission_factors_observed_median,,0.62,,4,True,True,https://www.deq.virginia.gov/news-info/shortcuts/permits/air/issued-air-permits-for-data-centers,data/raw/deq/pdfs/73233-8_Equinix_LLC.pdf,At least one headline value is imputed from global observed medians for smoke/central baseline coverage.,43.2352105262,-77.457816963603,39.014688967936,True,Exact,"21691 FILIGREE CT, ASHBURN, VA, 20147",3676,area_pop_003676
VA_DEQ_73233_SITE_02,deq_va_deq_73233_site_02,deq_va_deq_73233_site_02_gensets,73233,"21701 Filigree Court Ashburn, Virginia 20147",21701 Filigree Court,Ashburn,20147,15m,43.2352105262,imputed_from_pm25_budget_divided_by_pm25_factor,pm25_budget_and_factor,0.62,permit_extracted_pm25_budget,deq_permit_73233,0.0143401637798,imputed_global_median_observed_pm25_lb_per_mwh,deq_emission_factors_observed_median,,0.62,,4,True,True,https://www.deq.virginia.gov/news-info/shortcuts/permits/air/issued-air-permits-for-data-centers,data/raw/deq/pdfs/73233-8_Equinix_LLC.pdf,At least one headline value is imputed from global observed medians for smoke/central baseline coverage.,43.2352105262,-77.457837822335,39.014550552557,True,Exact,"21701 FILIGREE CT, ASHBURN, VA, 20147",3676,area_pop_003676
VA_DEQ_73233_SITE_03,deq_va_deq_73233_site_03,deq_va_deq_73233_site_03_gensets,73233,"21711 Filigree Court Ashburn, Virginia 20147",21711 Filigree Court,Ashburn,20147,15m,43.2352105262,imputed_from_pm25_budget_divided_by_pm25_factor,pm25_budget_and_factor,0.62,permit_extracted_pm25_budget,deq_permit_73233,0.0143401637798,imputed_global_median_observed_pm25_lb_per_mwh,deq_emission_factors_observed_median,,0.62,,4,True,True,https://www.deq.virginia.gov/news-info/shortcuts/permits/air/issued-air-permits-for-data-centers,data/raw/deq/pdfs/73233-8_Equinix_LLC.pdf,At least one headline value is imputed from global observed medians for smoke/central baseline coverage.,43.2352105262,-77.457839773122,39.014417899601,True,Exact,"21711 FILIGREE CT, ASHBURN, VA, 20147",3676,area_pop_003676
VA_DEQ_73233_SITE_04,deq_va_deq_73233_site_04,deq_va_deq_73233_site_04_gensets,73233,"21715 Filigree Court Ashburn, Virginia 20147",21715 Filigree Court,Ashburn,20147,15m,43.2352105262,imputed_from_pm25_budget_divided_by_pm25_factor,pm25_budget_and_factor,0.62,permit_extracted_pm25_budget,deq_permit_73233,0.0143401637798,imputed_global_median_observed_pm25_lb_per_mwh,deq_emission_factors_observed_median,,0.62,,4,True,True,https://www.deq.virginia.gov/news-info/shortcuts/permits/air/issued-air-permits-for-data-centers,data/raw/deq/pdfs/73233-8_Equinix_LLC.pdf,At least one headline value is imputed from global observed medians for smoke/central baseline coverage.,43.2352105262,-77.457840553437,39.014364838419,True,Exact,"21715 FILIGREE CT, ASHBURN, VA, 20147",3676,area_pop_003676
VA_DEQ_73233_SITE_05,deq_va_deq_73233_site_05,deq_va_deq_73233_site_05_gensets,73233,"21721 Filigree Court Ashburn, Virginia 20147",21721 Filigree Court,Ashburn,20147,15m,43.2352105262,imputed_from_pm25_budget_divided_by_pm25_factor,pm25_budget_and_factor,0.62,permit_extracted_pm25_budget,deq_permit_73233,0.0143401637798,imputed_global_median_observed_pm25_lb_per_mwh,deq_emission_factors_observed_median,,0.62,,4,True,True,https://www.deq.virginia.gov/news-info/shortcuts/permits/air/issued-air-permits-for-data-centers,data/raw/deq/pdfs/73233-8_Equinix_LLC.pdf,At least one headline value is imputed from global observed medians for smoke/central baseline coverage.,43.2352105262,-77.457841723909,39.014285246646,True,Exact,"21721 FILIGREE CT, ASHBURN, VA, 20147",3676,area_pop_003676
VA_DEQ_73240_SITE_01,deq_va_deq_73240_site_01,deq_va_deq_73240_site_01_gensets,73240,21571 Beaumeade Circle Ashburn Virginia 20147,21571 Beaumeade Circle,Ashburn,20147,15m,51.4249999999,imputed_from_pm25_budget_divided_by_pm25_factor,pm25_budget_and_factor,0.737442922375,imputed_city_median_pm25_budget,city_median_pm25_budget,0.0143401637798,imputed_global_median_observed_pm25_lb_per_mwh,deq_emission_factors_observed_median,,,,4,True,True,https://www.deq.virginia.gov/news-info/shortcuts/permits/air/issued-air-permits-for-data-centers,data/raw/deq/pdfs/73240-4_21571_Beaumeade_Circle_LLC.pdf,At least one headline value is imputed from global observed medians for smoke/central baseline coverage.,51.4249999999,-77.454573742334,39.021052501179,True,Exact,"21571 BEAUMEADE CIR, ASHBURN, VA, 20147",3676,area_pop_003676
VA_DEQ_73293_SITE_01,deq_va_deq_73293_site_01,deq_va_deq_73293_site_01_gensets,73293,22995 Wilder Court Sterling VA 20166,22995 Wilder Court,Sterling,20166,15m,57.1565789472,imputed_from_pm25_budget_divided_by_pm25_factor,pm25_budget_and_factor,0.819634703196,imputed_city_median_pm25_budget,city_median_pm25_budget,0.0143401637798,imputed_global_median_observed_pm25_lb_per_mwh,deq_emission_factors_observed_median,,,,4,True,True,https://www.deq.virginia.gov/news-info/shortcuts/permits/air/issued-air-permits-for-data-centers,data/raw/deq/pdfs/73293-2_22995_Wilder_Court_LLC.pdf,At least one headline value is imputed from global observed medians for smoke/central baseline coverage.,57.1565789472,-77.44382131959,38.979612873773,True,Exact,"22995 WILDER CT, STERLING, VA, 20166",3529,area_pop_003529
VA_DEQ_73294_SITE_01,deq_va_deq_73294_site_01,deq_va_deq_73294_site_01_gensets,73294,4101 Westfax Drive Chantilly Virginia 20151,4101 Westfax Drive,Chantilly,20151,15m,27.8936842105,imputed_from_pm25_budget_divided_by_pm25_factor,pm25_budget_and_factor,0.4,permit_extracted_pm25_budget,deq_permit_73294,0.0143401637798,imputed_global_median_observed_pm25_lb_per_mwh,deq_emission_factors_observed_median,,0.4,,4,True,True,https://www.deq.virginia.gov/news-info/shortcuts/permits/air/issued-air-permits-for-data-centers,"data/raw/deq/pdfs/73294-16_Amazon_Data_Services,_Inc._IAD-1_IAD-9.pdf",At least one headline value is imputed from global observed medians for smoke/central baseline coverage.,27.8936842105,-77.45528555842,38.899279442168,True,Exact,"4101 WESTFAX DR, CHANTILLY, VA, 20151",3178,area_pop_003178
VA_DEQ_73326_SITE_01,deq_va_deq_73326_site_01,deq_va_deq_73326_site_01_gensets,73326,"11720 Plaza America Drive Reston, VA 20190",11720 Plaza America Drive,Reston,20190,15m,9.07499999995,imputed_from_pm25_budget_divided_by_pm25_factor,pm25_budget_and_factor,0.130136986301,imputed_city_median_pm25_budget,city_median_pm25_budget,0.0143401637798,imputed_global_median_observed_pm25_lb_per_mwh,deq_emission_factors_observed_median,,,,4,True,True,https://www.deq.virginia.gov/news-info/shortcuts/permits/air/issued-air-permits-for-data-centers,"data/raw/deq/pdfs/73326-1_Plaza_Office_Realty_II,_LLC.pdf",At least one headline value is imputed from global observed medians for smoke/central baseline coverage.,9.07499999995,-77.337993,38.9596723,True,zip_centroid_approx,ZCTA centroid 20190,3446,area_pop_003446
VA_DEQ_73341_SITE_01,deq_va_deq_73341_site_01,deq_va_deq_73341_site_01_gensets,73341,22340 Dresden Street Dulles Virginia 20166,22340 Dresden Street,Dulles,20166,15m,108.088026316,imputed_from_pm25_budget_divided_by_pm25_factor,pm25_budget_and_factor,1.55,imputed_from_pm10_budget_conservative_upper_bound,deq_permit_73341,0.0143401637798,imputed_global_median_observed_pm25_lb_per_mwh,deq_emission_factors_observed_median,,,,4,True,True,https://www.deq.virginia.gov/news-info/shortcuts/permits/air/issued-air-permits-for-data-centers,data/raw/deq/pdfs/73341-2_VeriSign_Incorporated_Broad_Run_Facility2.pdf,At least one headline value is imputed from global observed medians for smoke/central baseline coverage.,108.088026316,-77.445229066191,38.998318798711,True,Exact,"22340 DRESDEN ST, DULLES, VA, 20166",3606,area_pop_003606
VA_DEQ_73355_SITE_01,deq_va_deq_73355_site_01,deq_va_deq_73355_site_01_gensets,73355,"43831 Devin Shafron Drive Ashburn, Virginia 20147-6983",43831 Devin Shafron Drive,Ashburn,20147-6983,15m,52.5394736841,imputed_from_pm25_budget_divided_by_pm25_factor,pm25_budget_and_factor,0.753424657534,permit_extracted_pm25_budget,deq_permit_73355,0.0143401637798,imputed_global_median_observed_pm25_lb_per_mwh,deq_emission_factors_observed_median,,0.753424657534,,4,True,True,https://www.deq.virginia.gov/news-info/shortcuts/permits/air/issued-air-permits-for-data-centers,"data/raw/deq/pdfs/73355-21_Amazon_Data_Services,_Inc._IAD-6_IAD-13_IAD-54.pdf",At least one headline value is imputed from global observed medians for smoke/central baseline coverage.,52.5394736841,-77.48538092918,39.003553122167,True,Non_Exact,"43831 DEVIN SHAFRON DR, ASHBURN, VA, 20147",3604,area_pop_003604
VA_DEQ_73355_SITE_02,deq_va_deq_73355_site_02,deq_va_deq_73355_site_02_gensets,73355,"43790 Devin Shafron Drive Ashburn, Virginia 20147-6983",43790 Devin Shafron Drive,Ashburn,20147-6983,15m,52.5394736841,imputed_from_pm25_budget_divided_by_pm25_factor,pm25_budget_and_factor,0.753424657534,permit_extracted_pm25_budget,deq_permit_73355,0.0143401637798,imputed_global_median_observed_pm25_lb_per_mwh,deq_emission_factors_observed_median,,0.753424657534,,4,True,True,https://www.deq.virginia.gov/news-info/shortcuts/permits/air/issued-air-permits-for-data-centers,"data/raw/deq/pdfs/73355-21_Amazon_Data_Services,_Inc._IAD-6_IAD-13_IAD-54.pdf",At least one headline value is imputed from global observed medians for smoke/central baseline coverage.,52.5394736841,-77.485974577714,39.003888890175,True,Non_Exact,"43790 DEVIN SHAFRON DR, ASHBURN, VA, 20147",3604,area_pop_003604
VA_DEQ_73355_SITE_03,deq_va_deq_73355_site_03,deq_va_deq_73355_site_03_gensets,73355,"43791 Devin Shafron Drive Ashburn, Virginia 20147-6983",43791 Devin Shafron Drive,Ashburn,20147-6983,15m,52.5394736841,imputed_from_pm25_budget_divided_by_pm25_factor,pm25_budget_and_factor,0.753424657534,permit_extracted_pm25_budget,deq_permit_73355,0.0143401637798,imputed_global_median_observed_pm25_lb_per_mwh,deq_emission_factors_observed_median,,0.753424657534,,4,True,True,https://www.deq.virginia.gov/news-info/shortcuts/permits/air/issued-air-permits-for-data-centers,"data/raw/deq/pdfs/73355-21_Amazon_Data_Services,_Inc._IAD-6_IAD-13_IAD-54.pdf",At least one headline value is imputed from global observed medians for smoke/central baseline coverage.,52.5394736841,-77.486035640948,39.003784585979,True,Non_Exact,"43791 DEVIN SHAFRON DR, ASHBURN, VA, 20147",3604,area_pop_003604
VA_DEQ_73363_SITE_01,deq_va_deq_73363_site_01,deq_va_deq_73363_site_01_gensets,73363,45745 Nokes Boulevard Dulles Virginia 20166,45745 Nokes Boulevard,Dulles,20166,15m,108.088026316,imputed_from_pm25_budget_divided_by_pm25_factor,pm25_budget_and_factor,1.55,imputed_city_median_pm10_budget_conservative_upper_bound,city_median_pm10_budget,0.0143401637798,imputed_global_median_observed_pm25_lb_per_mwh,deq_emission_factors_observed_median,,,,4,True,True,https://www.deq.virginia.gov/news-info/shortcuts/permits/air/issued-air-permits-for-data-centers,data/raw/deq/pdfs/73363-2_Inova_Health_Care_Systems_-_IT_Operations.pdf,At least one headline value is imputed from global observed medians for smoke/central baseline coverage.,108.088026316,-77.418868940839,39.0261656107,True,Exact,"45745 NOKES BLVD, DULLES, VA, 20166",3678,area_pop_003678
VA_DEQ_73369_SITE_01,deq_va_deq_73369_site_01,deq_va_deq_73369_site_01_gensets,73369,"399 Grove Street Herndon, VA 20170",399 Grove Street,Herndon,20170,15m,57.1565789472,imputed_from_pm25_budget_divided_by_pm25_factor,pm25_budget_and_factor,0.819634703196,imputed_city_median_pm25_budget,city_median_pm25_budget,0.0143401637798,imputed_global_median_observed_pm25_lb_per_mwh,deq_emission_factors_observed_median,,,,4,True,True,https://www.deq.virginia.gov/news-info/shortcuts/permits/air/issued-air-permits-for-data-centers,data/raw/deq/pdfs/73369-3_New_Dominion_Technology_Park_LLC.pdf,At least one headline value is imputed from global observed medians for smoke/central baseline coverage.,57.1565789472,-77.374878202505,38.964949684451,True,Exact,"399 GROVE ST, HERNDON, VA, 20170",3445,area_pop_003445
VA_DEQ_73369_SITE_02,deq_va_deq_73369_site_02,deq_va_deq_73369_site_02_gensets,73369,"499 Grove Street Herndon, VA 20170",499 Grove Street,Herndon,20170,15m,57.1565789472,imputed_from_pm25_budget_divided_by_pm25_factor,pm25_budget_and_factor,0.819634703196,imputed_city_median_pm25_budget,city_median_pm25_budget,0.0143401637798,imputed_global_median_observed_pm25_lb_per_mwh,deq_emission_factors_observed_median,,,,4,True,True,https://www.deq.virginia.gov/news-info/shortcuts/permits/air/issued-air-permits-for-data-centers,data/raw/deq/pdfs/73369-3_New_Dominion_Technology_Park_LLC.pdf,At least one headline value is imputed from global observed medians for smoke/central baseline coverage.,57.1565789472,-77.375969505847,38.965465372913,True,Exact,"499 GROVE ST, HERNDON, VA, 20170",3445,area_pop_003445
VA_DEQ_73370_SITE_01,deq_va_deq_73370_site_01,deq_va_deq_73370_site_01_gensets,73370,"44490 Chillum Place Ashburn, VA 20147",44490 Chillum Place,Ashburn,20147,15m,21.6176052631,imputed_from_pm25_budget_divided_by_pm25_factor,pm25_budget_and_factor,0.31,permit_extracted_pm25_budget,deq_permit_73370,0.0143401637798,imputed_global_median_observed_pm25_lb_per_mwh,deq_emission_factors_observed_median,,0.31,,4,True,True,https://www.deq.virginia.gov/news-info/shortcuts/permits/air/issued-air-permits-for-data-centers,data/raw/deq/pdfs/73370-12_Digital_Realty_-_Ashburn_Campus.pdf,At least one headline value is imputed from global observed medians for smoke/central baseline coverage.,21.6176052631,-77.460120773258,39.021125973518,True,Non_Exact,"44490 CHILUM PL, ASHBURN, VA, 20147",3676,area_pop_003676
VA_DEQ_73370_SITE_02,deq_va_deq_73370_site_02,deq_va_deq_73370_site_02_gensets,73370,"44520 Hastings Drive Ashburn, VA 20147",44520 Hastings Drive,Ashburn,20147,15m,21.6176052631,imputed_from_pm25_budget_divided_by_pm25_factor,pm25_budget_and_factor,0.31,permit_extracted_pm25_budget,deq_permit_73370,0.0143401637798,imputed_global_median_observed_pm25_lb_per_mwh,deq_emission_factors_observed_median,,0.31,,4,True,True,https://www.deq.virginia.gov/news-info/shortcuts/permits/air/issued-air-permits-for-data-centers,data/raw/deq/pdfs/73370-12_Digital_Realty_-_Ashburn_Campus.pdf,At least one headline value is imputed from global observed medians for smoke/central baseline coverage.,21.6176052631,-77.461230392785,39.019834499026,True,Exact,"44520 HASTINGS DR, ASHBURN, VA, 20147",3676,area_pop_003676
VA_DEQ_73370_SITE_03,deq_va_deq_73370_site_03,deq_va_deq_73370_site_03_gensets,73370,"44480 Hastings Drive Ashburn, VA 20147",44480 Hastings Drive,Ashburn,20147,15m,21.6176052631,imputed_from_pm25_budget_divided_by_pm25_factor,pm25_budget_and_factor,0.31,permit_extracted_pm25_budget,deq_permit_73370,0.0143401637798,imputed_global_median_observed_pm25_lb_per_mwh,deq_emission_factors_observed_median,,0.31,,4,True,True,https://www.deq.virginia.gov/news-info/shortcuts/permits/air/issued-air-permits-for-data-centers,data/raw/deq/pdfs/73370-12_Digital_Realty_-_Ashburn_Campus.pdf,At least one headline value is imputed from global observed medians for smoke/central baseline coverage.,21.6176052631,-77.46201033238,39.019374929368,True,Exact,"44480 HASTINGS DR, ASHBURN, VA, 20147",3676,area_pop_003676
VA_DEQ_73370_SITE_04,deq_va_deq_73370_site_04,deq_va_deq_73370_site_04_gensets,73370,"44521 Hastings Drive Ashburn, VA 20147",44521 Hastings Drive,Ashburn,20147,15m,21.6176052631,imputed_from_pm25_budget_divided_by_pm25_factor,pm25_budget_and_factor,0.31,permit_extracted_pm25_budget,deq_permit_73370,0.0143401637798,imputed_global_median_observed_pm25_lb_per_mwh,deq_emission_factors_observed_median,,0.31,,4,True,True,https://www.deq.virginia.gov/news-info/shortcuts/permits/air/issued-air-permits-for-data-centers,data/raw/deq/pdfs/73370-12_Digital_Realty_-_Ashburn_Campus.pdf,At least one headline value is imputed from global observed medians for smoke/central baseline coverage.,21.6176052631,-77.462952851857,39.019202582667,True,Exact,"44521 HASTINGS DR, ASHBURN, VA, 20147",3676,area_pop_003676
VA_DEQ_73370_SITE_05,deq_va_deq_73370_site_05,deq_va_deq_73370_site_05_gensets,73370,"44461 Chillum Place Ashburn, VA 20147",44461 Chillum Place,Ashburn,20147,15m,21.6176052631,imputed_from_pm25_budget_divided_by_pm25_factor,pm25_budget_and_factor,0.31,permit_extracted_pm25_budget,deq_permit_73370,0.0143401637798,imputed_global_median_observed_pm25_lb_per_mwh,deq_emission_factors_observed_median,,0.31,,4,True,True,https://www.deq.virginia.gov/news-info/shortcuts/permits/air/issued-air-permits-for-data-centers,data/raw/deq/pdfs/73370-12_Digital_Realty_-_Ashburn_Campus.pdf,At least one headline value is imputed from global observed medians for smoke/central baseline coverage.,21.6176052631,-77.461880558155,39.021786951681,True,Non_Exact,"44461 CHILUM PL, ASHBURN, VA, 20147",3676,area_pop_003676
VA_DEQ_73370_SITE_06,deq_va_deq_73370_site_06,deq_va_deq_73370_site_06_gensets,73370,"44393 Hastings Drive Ashburn, VA 20147",44393 Hastings Drive,Ashburn,20147,15m,21.6176052631,imputed_from_pm25_budget_divided_by_pm25_factor,pm25_budget_and_factor,0.31,permit_extracted_pm25_budget,deq_permit_73370,0.0143401637798,imputed_global_median_observed_pm25_lb_per_mwh,deq_emission_factors_observed_median,,0.31,,4,True,True,https://www.deq.virginia.gov/news-info/shortcuts/permits/air/issued-air-permits-for-data-centers,data/raw/deq/pdfs/73370-12_Digital_Realty_-_Ashburn_Campus.pdf,At least one headline value is imputed from global observed medians for smoke/central baseline coverage.,21.6176052631,-77.4795846,39.041507,True,zip_centroid_approx,ZCTA centroid 20147,3723,area_pop_003723
VA_DEQ_73370_SITE_07,deq_va_deq_73370_site_07,deq_va_deq_73370_site_07_gensets,73370,"21745 Sir Timothy Drive Ashburn, VA 20147",21745 Sir Timothy Drive,Ashburn,20147,15m,21.6176052631,imputed_from_pm25_budget_divided_by_pm25_factor,pm25_budget_and_factor,0.31,permit_extracted_pm25_budget,deq_permit_73370,0.0143401637798,imputed_global_median_observed_pm25_lb_per_mwh,deq_emission_factors_observed_median,,0.31,,4,True,True,https://www.deq.virginia.gov/news-info/shortcuts/permits/air/issued-air-permits-for-data-centers,data/raw/deq/pdfs/73370-12_Digital_Realty_-_Ashburn_Campus.pdf,At least one headline value is imputed from global observed medians for smoke/central baseline coverage.,21.6176052631,-77.4795846,39.041507,True,zip_centroid_approx,ZCTA centroid 20147,3723,area_pop_003723
VA_DEQ_73370_SITE_08,deq_va_deq_73370_site_08,deq_va_deq_73370_site_08_gensets,73370,"21744 Sir Timothy Drive Ashburn, VA 20147",21744 Sir Timothy Drive,Ashburn,20147,15m,21.6176052631,imputed_from_pm25_budget_divided_by_pm25_factor,pm25_budget_and_factor,0.31,permit_extracted_pm25_budget,deq_permit_73370,0.0143401637798,imputed_global_median_observed_pm25_lb_per_mwh,deq_emission_factors_observed_median,,0.31,,4,True,True,https://www.deq.virginia.gov/news-info/shortcuts/permits/air/issued-air-permits-for-data-centers,data/raw/deq/pdfs/73370-12_Digital_Realty_-_Ashburn_Campus.pdf,At least one headline value is imputed from global observed medians for smoke/central baseline coverage.,21.6176052631,-77.4795846,39.041507,True,zip_centroid_approx,ZCTA centroid 20147,3723,area_pop_003723
VA_DEQ_73567_SITE_01,deq_va_deq_73567_site_01,deq_va_deq_73567_site_01_gensets,73567,1807 Michael Faraday Court Reston VA 20190,1807 Michael Faraday Court,Reston,20190,15m,9.07499999995,imputed_from_pm25_budget_divided_by_pm25_factor,pm25_budget_and_factor,0.130136986301,imputed_city_median_pm25_budget,city_median_pm25_budget,0.0143401637798,imputed_global_median_observed_pm25_lb_per_mwh,deq_emission_factors_observed_median,,,,4,True,True,https://www.deq.virginia.gov/news-info/shortcuts/permits/air/issued-air-permits-for-data-centers,data/raw/deq/pdfs/73567-1_StratCap.pdf,At least one headline value is imputed from global observed medians for smoke/central baseline coverage.,9.07499999995,-77.332225485648,38.950050329942,True,Exact,"1807 MICHAEL FARADAY CT, RESTON, VA, 20190",3446,area_pop_003446
VA_DEQ_73643_SITE_01,deq_va_deq_73643_site_01,deq_va_deq_73643_site_01_gensets,73643,"45005 Russell Branch Parkway Ashburn, Virginia 20147",45005 Russell Branch Parkway,Ashburn,20147,15m,63.6842105261,imputed_from_pm25_budget_divided_by_pm25_factor,pm25_budget_and_factor,0.913242009132,imputed_from_pm10_budget_conservative_upper_bound,deq_permit_73643,0.0143401637798,imputed_global_median_observed_pm25_lb_per_mwh,deq_emission_factors_observed_median,,,,4,True,True,https://www.deq.virginia.gov/news-info/shortcuts/permits/air/issued-air-permits-for-data-centers,data/raw/deq/pdfs/73643-1_Visa_USA_Incorporated.pdf,At least one headline value is imputed from global observed medians for smoke/central baseline coverage.,63.6842105261,-77.43974008432,39.049054282887,True,Exact,"45005 RUSSELL BRANCH PKWY, ASHBURN, VA, 20147",3724,area_pop_003724
VA_DEQ_73670_SITE_01,deq_va_deq_73670_site_01,deq_va_deq_73670_site_01_gensets,73670,"43791 Devin Shafron Dr Ashburn, Virginia 20147",43791 Devin Shafron Dr,Ashburn,20147,15m,174.335526315,imputed_from_pm25_budget_divided_by_pm25_factor,pm25_budget_and_factor,2.5,permit_extracted_pm25_budget,deq_permit_73670,0.0143401637798,imputed_global_median_observed_pm25_lb_per_mwh,deq_emission_factors_observed_median,,2.5,,4,True,True,https://www.deq.virginia.gov/news-info/shortcuts/permits/air/issued-air-permits-for-data-centers,data/raw/deq/pdfs/73670-12_Digital_Loudoun_Pkwy_Center_N_LLC.pdf,At least one headline value is imputed from global observed medians for smoke/central baseline coverage.,174.335526315,-77.486035640948,39.003784585979,True,Exact,"43791 DEVIN SHAFRON DR, ASHBURN, VA, 20147",3604,area_pop_003604
VA_DEQ_73670_SITE_02,deq_va_deq_73670_site_02,deq_va_deq_73670_site_02_gensets,73670,"43940 Digital Loudoun Plaza Ashburn, Virginia 20147",43940 Digital Loudoun Plaza,Ashburn,20147,15m,174.335526315,imputed_from_pm25_budget_divided_by_pm25_factor,pm25_budget_and_factor,2.5,permit_extracted_pm25_budget,deq_permit_73670,0.0143401637798,imputed_global_median_observed_pm25_lb_per_mwh,deq_emission_factors_observed_median,,2.5,,4,True,True,https://www.deq.virginia.gov/news-info/shortcuts/permits/air/issued-air-permits-for-data-centers,data/raw/deq/pdfs/73670-12_Digital_Loudoun_Pkwy_Center_N_LLC.pdf,At least one headline value is imputed from global observed medians for smoke/central baseline coverage.,174.335526315,-77.4795846,39.041507,True,zip_centroid_approx,ZCTA centroid 20147,3723,area_pop_003723
VA_DEQ_73683_SITE_01,deq_va_deq_73683_site_01,deq_va_deq_73683_site_01_gensets,73683,9651 Hornbaker Road Manassas VA 20109,9651 Hornbaker Road,Manassas,20109,15m,40.9171052631,imputed_from_pm25_budget_divided_by_pm25_factor,pm25_budget_and_factor,0.586757990868,permit_extracted_pm25_budget,deq_permit_73683,0.0143401637798,imputed_global_median_observed_pm25_lb_per_mwh,deq_emission_factors_observed_median,,0.586757990868,,4,True,True,https://www.deq.virginia.gov/news-info/shortcuts/permits/air/issued-air-permits-for-data-centers,data/raw/deq/pdfs/73683-12_Corporate_Office_Properties_Trust_(COPT_-_DC6).pdf,At least one headline value is imputed from global observed medians for smoke/central baseline coverage.,40.9171052631,-77.533563354873,38.746360867679,True,Exact,"9651 HORNBAKER RD, MANASSAS, VA, 20109",2632,area_pop_002632
VA_DEQ_73717_SITE_01,deq_va_deq_73717_site_01,deq_va_deq_73717_site_01_gensets,73717,"1764 Old Meadow Lane McLean, Virginia 22102",1764 Old Meadow Lane,McLean,22102,15m,2353.52960526,imputed_from_pm25_budget_divided_by_pm25_factor,pm25_budget_and_factor,33.75,imputed_from_pm10_budget_conservative_upper_bound,deq_permit_73717,0.0143401637798,imputed_global_median_observed_pm25_lb_per_mwh,deq_emission_factors_observed_median,,,,4,True,True,https://www.deq.virginia.gov/news-info/shortcuts/permits/air/issued-air-permits-for-data-centers,"data/raw/deq/pdfs/73717-1_Zayo_Group,_LLC.pdf",At least one headline value is imputed from global observed medians for smoke/central baseline coverage.,2353.52960526,-77.2140743955,38.919725985534,True,Exact,"1764 OLD MEADOW LN, MCLEAN, VA, 22102",3241,area_pop_003241
VA_DEQ_73717_SITE_02,deq_va_deq_73717_site_02,deq_va_deq_73717_site_02_gensets,73717,"1764A Old Meadow Lane McLean, Virginia 22102",1764A Old Meadow Lane,McLean,22102,15m,2353.52960526,imputed_from_pm25_budget_divided_by_pm25_factor,pm25_budget_and_factor,33.75,imputed_from_pm10_budget_conservative_upper_bound,deq_permit_73717,0.0143401637798,imputed_global_median_observed_pm25_lb_per_mwh,deq_emission_factors_observed_median,,,,4,True,True,https://www.deq.virginia.gov/news-info/shortcuts/permits/air/issued-air-permits-for-data-centers,"data/raw/deq/pdfs/73717-1_Zayo_Group,_LLC.pdf",At least one headline value is imputed from global observed medians for smoke/central baseline coverage.,2353.52960526,-77.2140743955,38.919725985534,True,Non_Exact,"1764A OLD MEADOW LN, MCLEAN, VA, 22102",3241,area_pop_003241
VA_DEQ_73741_SITE_01,deq_va_deq_73741_site_01,deq_va_deq_73741_site_01_gensets,73741,"7505 Mason King Court Manassas, VA 20109",7505 Mason King Court,Manassas,20109,15m,31.8421052631,imputed_from_pm25_budget_divided_by_pm25_factor,pm25_budget_and_factor,0.456621004566,permit_extracted_pm25_budget,deq_permit_73741,0.0143401637798,imputed_global_median_observed_pm25_lb_per_mwh,deq_emission_factors_observed_median,,0.456621004566,,4,True,True,https://www.deq.virginia.gov/news-info/shortcuts/permits/air/issued-air-permits-for-data-centers,"data/raw/deq/pdfs/73741-23_Amazon_Data_Services,_Inc._IAD-7_IAD-11_IAD-24.pdf",At least one headline value is imputed from global observed medians for smoke/central baseline coverage.,31.8421052631,-77.539549296649,38.791443669168,True,Exact,"7505 MASON KING CT, MANASSAS, VA, 20109",2775,area_pop_002775
VA_DEQ_73741_SITE_02,deq_va_deq_73741_site_02,deq_va_deq_73741_site_02_gensets,73741,"7510 Mason King Court Manassas, VA 20109",7510 Mason King Court,Manassas,20109,15m,31.8421052631,imputed_from_pm25_budget_divided_by_pm25_factor,pm25_budget_and_factor,0.456621004566,permit_extracted_pm25_budget,deq_permit_73741,0.0143401637798,imputed_global_median_observed_pm25_lb_per_mwh,deq_emission_factors_observed_median,,0.456621004566,,4,True,True,https://www.deq.virginia.gov/news-info/shortcuts/permits/air/issued-air-permits-for-data-centers,"data/raw/deq/pdfs/73741-23_Amazon_Data_Services,_Inc._IAD-7_IAD-11_IAD-24.pdf",At least one headline value is imputed from global observed medians for smoke/central baseline coverage.,31.8421052631,-77.539843710139,38.792788087482,True,Exact,"7510 MASON KING CT, MANASSAS, VA, 20109",2775,area_pop_002775
VA_DEQ_73741_SITE_03,deq_va_deq_73741_site_03,deq_va_deq_73741_site_03_gensets,73741,"7610 Mason King Court Manassas, VA 20109",7610 Mason King Court,Manassas,20109,15m,31.8421052631,imputed_from_pm25_budget_divided_by_pm25_factor,pm25_budget_and_factor,0.456621004566,permit_extracted_pm25_budget,deq_permit_73741,0.0143401637798,imputed_global_median_observed_pm25_lb_per_mwh,deq_emission_factors_observed_median,,0.456621004566,,4,True,True,https://www.deq.virginia.gov/news-info/shortcuts/permits/air/issued-air-permits-for-data-centers,"data/raw/deq/pdfs/73741-23_Amazon_Data_Services,_Inc._IAD-7_IAD-11_IAD-24.pdf",At least one headline value is imputed from global observed medians for smoke/central baseline coverage.,31.8421052631,-77.539721002651,38.791660711671,True,Exact,"7610 MASON KING CT, MANASSAS, VA, 20109",2775,area_pop_002775
VA_DEQ_73743_SITE_01,deq_va_deq_73743_site_01,deq_va_deq_73743_site_01_gensets,73743,"21635 Red Rum Drive Ashburn, VA 20147",21635 Red Rum Drive,Ashburn,20147,15m,97.5960526317,imputed_from_pm25_budget_divided_by_pm25_factor,pm25_budget_and_factor,1.399543379,permit_extracted_pm25_budget,deq_permit_73743,0.0143401637798,imputed_global_median_observed_pm25_lb_per_mwh,deq_emission_factors_observed_median,,1.399543379,,4,True,True,https://www.deq.virginia.gov/news-info/shortcuts/permits/air/issued-air-permits-for-data-centers,"data/raw/deq/pdfs/73743-7_Zayo_Group,_LLC.pdf",At least one headline value is imputed from global observed medians for smoke/central baseline coverage.,97.5960526317,-77.481843452349,39.01674682366,True,Exact,"21635 RED RUM DR, ASHBURN, VA, 20147",3675,area_pop_003675
VA_DEQ_73743_SITE_02,deq_va_deq_73743_site_02,deq_va_deq_73743_site_02_gensets,73743,"21630 Red Rum Drive Ashburn, VA 20147",21630 Red Rum Drive,Ashburn,20147,15m,97.5960526317,imputed_from_pm25_budget_divided_by_pm25_factor,pm25_budget_and_factor,1.399543379,permit_extracted_pm25_budget,deq_permit_73743,0.0143401637798,imputed_global_median_observed_pm25_lb_per_mwh,deq_emission_factors_observed_median,,1.399543379,,4,True,True,https://www.deq.virginia.gov/news-info/shortcuts/permits/air/issued-air-permits-for-data-centers,"data/raw/deq/pdfs/73743-7_Zayo_Group,_LLC.pdf",At least one headline value is imputed from global observed medians for smoke/central baseline coverage.,97.5960526317,-77.482087420211,39.016838769095,True,Exact,"21630 RED RUM DR, ASHBURN, VA, 20147",3675,area_pop_003675
VA_DEQ_73743_SITE_03,deq_va_deq_73743_site_03,deq_va_deq_73743_site_03_gensets,73743,"21625 Red Rum Drive Ashburn, VA 20147",21625 Red Rum Drive,Ashburn,20147,15m,97.5960526317,imputed_from_pm25_budget_divided_by_pm25_factor,pm25_budget_and_factor,1.399543379,permit_extracted_pm25_budget,deq_permit_73743,0.0143401637798,imputed_global_median_observed_pm25_lb_per_mwh,deq_emission_factors_observed_median,,1.399543379,,4,True,True,https://www.deq.virginia.gov/news-info/shortcuts/permits/air/issued-air-permits-for-data-centers,"data/raw/deq/pdfs/73743-7_Zayo_Group,_LLC.pdf",At least one headline value is imputed from global observed medians for smoke/central baseline coverage.,97.5960526317,-77.482391655951,39.016690830227,True,Exact,"21625 RED RUM DR, ASHBURN, VA, 20147",3675,area_pop_003675
VA_DEQ_73757_SITE_01,deq_va_deq_73757_site_01,deq_va_deq_73757_site_01_gensets,73757,44874 Moran Road Dulles VA 20166,44874 Moran Road,Dulles,20166,15m,108.088026316,imputed_from_pm25_budget_divided_by_pm25_factor,pm25_budget_and_factor,1.55,imputed_city_median_pm10_budget_conservative_upper_bound,city_median_pm10_budget,0.0143401637798,imputed_global_median_observed_pm25_lb_per_mwh,deq_emission_factors_observed_median,,,,4,True,True,https://www.deq.virginia.gov/news-info/shortcuts/permits/air/issued-air-permits-for-data-centers,"data/raw/deq/pdfs/73757-6_QTS_Dulles,_LLC.pdf",At least one headline value is imputed from global observed medians for smoke/central baseline coverage.,108.088026316,-77.4637354,38.971441,True,zip_centroid_approx,ZCTA centroid 20166,3528,area_pop_003528
VA_DEQ_73798_SITE_01,deq_va_deq_73798_site_01,deq_va_deq_73798_site_01_gensets,73798,7575 Coleshire Drive McLean Virginia,7575 Coleshire Drive,McLean,22102,15m,37.2552631578,imputed_from_pm25_budget_divided_by_pm25_factor,pm25_budget_and_factor,0.534246575342,imputed_city_median_pm10_budget_conservative_upper_bound,city_median_pm10_budget,0.0143401637798,imputed_global_median_observed_pm25_lb_per_mwh,deq_emission_factors_observed_median,,,,4,True,True,https://www.deq.virginia.gov/news-info/shortcuts/permits/air/issued-air-permits-for-data-centers,data/raw/deq/pdfs/73798-1_Northrop_Grumman_Systems_Corporation.pdf,At least one headline value is imputed from global observed medians for smoke/central baseline coverage.,37.2552631578,-77.206911269452,38.92358825069,True,Non_Exact,"7575 COLSHIRE DR, MCLEAN, VA, 22102",3293,area_pop_003293
VA_DEQ_73809_SITE_01,deq_va_deq_73809_site_01,deq_va_deq_73809_site_01_gensets,73809,460 Spring Park Place Herndon Virginia 20170,460 Spring Park Place,Herndon,20170,15m,57.1565789472,imputed_from_pm25_budget_divided_by_pm25_factor,pm25_budget_and_factor,0.819634703196,imputed_city_median_pm25_budget,city_median_pm25_budget,0.0143401637798,imputed_global_median_observed_pm25_lb_per_mwh,deq_emission_factors_observed_median,,,,4,True,True,https://www.deq.virginia.gov/news-info/shortcuts/permits/air/issued-air-permits-for-data-centers,"data/raw/deq/pdfs/73809-1_Equinix,_LLC_-_DC_97.pdf",At least one headline value is imputed from global observed medians for smoke/central baseline coverage.,57.1565789472,-77.378042370117,38.962185550553,True,Exact,"460 SPRINGPARK PL, HERNDON, VA, 20170",3467,area_pop_003467
VA_DEQ_73813_SITE_01,deq_va_deq_73813_site_01,deq_va_deq_73813_site_01_gensets,73813,12900 Federal Systems Park Drive Fairfax Virginia 22033,12900 Federal Systems Park Drive,Fairfax,22033,15m,8.11973684206,imputed_from_pm25_budget_divided_by_pm25_factor,pm25_budget_and_factor,0.116438356164,imputed_from_pm10_budget_conservative_upper_bound,deq_permit_73813,0.0143401637798,imputed_global_median_observed_pm25_lb_per_mwh,deq_emission_factors_observed_median,,,,4,True,True,https://www.deq.virginia.gov/news-info/shortcuts/permits/air/issued-air-permits-for-data-centers,data/raw/deq/pdfs/73813-1_Northrop_Grumman_Services_Corporation.pdf,At least one headline value is imputed from global observed medians for smoke/central baseline coverage.,8.11973684206,-77.390564337293,38.861104146468,True,Exact,"12900 FEDERAL SYSTEMS PARK DR, FAIRFAX, VA, 22033",2997,area_pop_002997
VA_DEQ_73823_SITE_01,deq_va_deq_73823_site_01,deq_va_deq_73823_site_01_gensets,73823,"524 Van Buren Street Herndon, VA 20170",524 Van Buren Street,Herndon,20170,15m,7.9605263158,imputed_from_pm25_budget_divided_by_pm25_factor,pm25_budget_and_factor,0.114155251142,permit_extracted_pm25_budget,deq_permit_73823,0.0143401637798,imputed_global_median_observed_pm25_lb_per_mwh,deq_emission_factors_observed_median,,0.114155251142,,4,True,True,https://www.deq.virginia.gov/news-info/shortcuts/permits/air/issued-air-permits-for-data-centers,data/raw/deq/pdfs/73823-2_Level_3_Communications_Herndon_Gateway.pdf,At least one headline value is imputed from global observed medians for smoke/central baseline coverage.,7.9605263158,-77.382876972786,38.964955115113,True,Exact,"524 VAN BUREN ST, HERNDON, VA, 20170",3467,area_pop_003467
VA_DEQ_73823_SITE_02,deq_va_deq_73823_site_02,deq_va_deq_73823_site_02_gensets,73823,"520 Van Buren Street Herndon, VA 20170",520 Van Buren Street,Herndon,20170,15m,7.9605263158,imputed_from_pm25_budget_divided_by_pm25_factor,pm25_budget_and_factor,0.114155251142,permit_extracted_pm25_budget,deq_permit_73823,0.0143401637798,imputed_global_median_observed_pm25_lb_per_mwh,deq_emission_factors_observed_median,,0.114155251142,,4,True,True,https://www.deq.virginia.gov/news-info/shortcuts/permits/air/issued-air-permits-for-data-centers,data/raw/deq/pdfs/73823-2_Level_3_Communications_Herndon_Gateway.pdf,At least one headline value is imputed from global observed medians for smoke/central baseline coverage.,7.9605263158,-77.382890845662,38.964798153427,True,Exact,"520 VAN BUREN ST, HERNDON, VA, 20170",3467,area_pop_003467
VA_DEQ_73853_SITE_01,deq_va_deq_73853_site_01,deq_va_deq_73853_site_01_gensets,73853,"45630 W. Severn Way Sterling, VA 20166",45630 W. Severn Way,Sterling,20166,15m,3.18421052631,imputed_from_pm25_budget_divided_by_pm25_factor,pm25_budget_and_factor,0.0456621004566,permit_extracted_pm25_budget,deq_permit_73853,0.0143401637798,imputed_global_median_observed_pm25_lb_per_mwh,deq_emission_factors_observed_median,,0.0456621004566,,4,True,True,https://www.deq.virginia.gov/news-info/shortcuts/permits/air/issued-air-permits-for-data-centers,"data/raw/deq/pdfs/73853-13_Amazon_Data_Services,_Inc._IAD-10_IAD-32_IAD-98_IAD-99_IAD-118_IAD-119_IAD-129.pdf",At least one headline value is imputed from global observed medians for smoke/central baseline coverage.,3.18421052631,-77.4637354,38.971441,True,zip_centroid_approx,ZCTA centroid 20166,3528,area_pop_003528
VA_DEQ_73853_SITE_02,deq_va_deq_73853_site_02,deq_va_deq_73853_site_02_gensets,73853,"1304 Squire Court Sterling, VA 20166",1304 Squire Court,Sterling,20166,15m,3.18421052631,imputed_from_pm25_budget_divided_by_pm25_factor,pm25_budget_and_factor,0.0456621004566,permit_extracted_pm25_budget,deq_permit_73853,0.0143401637798,imputed_global_median_observed_pm25_lb_per_mwh,deq_emission_factors_observed_median,,0.0456621004566,,4,True,True,https://www.deq.virginia.gov/news-info/shortcuts/permits/air/issued-air-permits-for-data-centers,"data/raw/deq/pdfs/73853-13_Amazon_Data_Services,_Inc._IAD-10_IAD-32_IAD-98_IAD-99_IAD-118_IAD-119_IAD-129.pdf",At least one headline value is imputed from global observed medians for smoke/central baseline coverage.,3.18421052631,-77.434023787104,39.020953549982,True,Exact,"1304 SQUIRE CT, STERLING, VA, 20166",3677,area_pop_003677
VA_DEQ_73853_SITE_03,deq_va_deq_73853_site_03,deq_va_deq_73853_site_03_gensets,73853,"45295 W. Severn Way Sterling, VA 20166",45295 W. Severn Way,Sterling,20166,15m,3.18421052631,imputed_from_pm25_budget_divided_by_pm25_factor,pm25_budget_and_factor,0.0456621004566,permit_extracted_pm25_budget,deq_permit_73853,0.0143401637798,imputed_global_median_observed_pm25_lb_per_mwh,deq_emission_factors_observed_median,,0.0456621004566,,4,True,True,https://www.deq.virginia.gov/news-info/shortcuts/permits/air/issued-air-permits-for-data-centers,"data/raw/deq/pdfs/73853-13_Amazon_Data_Services,_Inc._IAD-10_IAD-32_IAD-98_IAD-99_IAD-118_IAD-119_IAD-129.pdf",At least one headline value is imputed from global observed medians for smoke/central baseline coverage.,3.18421052631,-77.436504324714,39.020767591673,True,Non_Exact,"45295 SEVERN WAY, STERLING, VA, 20166",3677,area_pop_003677
VA_DEQ_73853_SITE_04,deq_va_deq_73853_site_04,deq_va_deq_73853_site_04_gensets,73853,"45305 W. Severn Way Sterling, VA 20166",45305 W. Severn Way,Sterling,20166,15m,3.18421052631,imputed_from_pm25_budget_divided_by_pm25_factor,pm25_budget_and_factor,0.0456621004566,permit_extracted_pm25_budget,deq_permit_73853,0.0143401637798,imputed_global_median_observed_pm25_lb_per_mwh,deq_emission_factors_observed_median,,0.0456621004566,,4,True,True,https://www.deq.virginia.gov/news-info/shortcuts/permits/air/issued-air-permits-for-data-centers,"data/raw/deq/pdfs/73853-13_Amazon_Data_Services,_Inc._IAD-10_IAD-32_IAD-98_IAD-99_IAD-118_IAD-119_IAD-129.pdf",At least one headline value is imputed from global observed medians for smoke/central baseline coverage.,3.18421052631,-77.434023132345,39.020784909056,True,Non_Exact,"45305 SEVERN WAY, STERLING, VA, 20166",3677,area_pop_003677
VA_DEQ_73853_SITE_05,deq_va_deq_73853_site_05,deq_va_deq_73853_site_05_gensets,73853,"21641 Charles View Drive Sterling, VA 20166",21641 Charles View Drive,Sterling,20166,15m,3.18421052631,imputed_from_pm25_budget_divided_by_pm25_factor,pm25_budget_and_factor,0.0456621004566,permit_extracted_pm25_budget,deq_permit_73853,0.0143401637798,imputed_global_median_observed_pm25_lb_per_mwh,deq_emission_factors_observed_median,,0.0456621004566,,4,True,True,https://www.deq.virginia.gov/news-info/shortcuts/permits/air/issued-air-permits-for-data-centers,"data/raw/deq/pdfs/73853-13_Amazon_Data_Services,_Inc._IAD-10_IAD-32_IAD-98_IAD-99_IAD-118_IAD-119_IAD-129.pdf",At least one headline value is imputed from global observed medians for smoke/central baseline coverage.,3.18421052631,-77.4637354,38.971441,True,zip_centroid_approx,ZCTA centroid 20166,3528,area_pop_003528
VA_DEQ_73853_SITE_06,deq_va_deq_73853_site_06,deq_va_deq_73853_site_06_gensets,73853,"21645 Charles View Drive Sterling, VA 20166",21645 Charles View Drive,Sterling,20166,15m,3.18421052631,imputed_from_pm25_budget_divided_by_pm25_factor,pm25_budget_and_factor,0.0456621004566,permit_extracted_pm25_budget,deq_permit_73853,0.0143401637798,imputed_global_median_observed_pm25_lb_per_mwh,deq_emission_factors_observed_median,,0.0456621004566,,4,True,True,https://www.deq.virginia.gov/news-info/shortcuts/permits/air/issued-air-permits-for-data-centers,"data/raw/deq/pdfs/73853-13_Amazon_Data_Services,_Inc._IAD-10_IAD-32_IAD-98_IAD-99_IAD-118_IAD-119_IAD-129.pdf",At least one headline value is imputed from global observed medians for smoke/central baseline coverage.,3.18421052631,-77.4637354,38.971441,True,zip_centroid_approx,ZCTA centroid 20166,3528,area_pop_003528
VA_DEQ_73853_SITE_07,deq_va_deq_73853_site_07,deq_va_deq_73853_site_07_gensets,73853,"21710 Charles View Drive Sterling, VA 20166",21710 Charles View Drive,Sterling,20166,15m,3.18421052631,imputed_from_pm25_budget_divided_by_pm25_factor,pm25_budget_and_factor,0.0456621004566,permit_extracted_pm25_budget,deq_permit_73853,0.0143401637798,imputed_global_median_observed_pm25_lb_per_mwh,deq_emission_factors_observed_median,,0.0456621004566,,4,True,True,https://www.deq.virginia.gov/news-info/shortcuts/permits/air/issued-air-permits-for-data-centers,"data/raw/deq/pdfs/73853-13_Amazon_Data_Services,_Inc._IAD-10_IAD-32_IAD-98_IAD-99_IAD-118_IAD-119_IAD-129.pdf",At least one headline value is imputed from global observed medians for smoke/central baseline coverage.,3.18421052631,-77.4637354,38.971441,True,zip_centroid_approx,ZCTA centroid 20166,3528,area_pop_003528
VA_DEQ_73860_SITE_01,deq_va_deq_73860_site_01,deq_va_deq_73860_site_01_gensets,73860,"22630 Dulles Summit Court Sterling, VA 20166",22630 Dulles Summit Court,Sterling,20166,15m,88.0434210527,imputed_from_pm25_budget_divided_by_pm25_factor,pm25_budget_and_factor,1.26255707763,permit_extracted_pm25_budget,deq_permit_73860,0.0143401637798,imputed_global_median_observed_pm25_lb_per_mwh,deq_emission_factors_observed_median,,1.26255707763,,4,True,True,https://www.deq.virginia.gov/news-info/shortcuts/permits/air/issued-air-permits-for-data-centers,"data/raw/deq/pdfs/73860-16_Amazon_Data_Services,_Inc._IAD-12_IAD-15_IAD-16_IAD-76_IAD-230.pdf",At least one headline value is imputed from global observed medians for smoke/central baseline coverage.,88.0434210527,-77.448329714292,38.988907259878,True,Exact,"22630 DULLES SUMMIT CT, STERLING, VA, 20166",3529,area_pop_003529
VA_DEQ_73860_SITE_02,deq_va_deq_73860_site_02,deq_va_deq_73860_site_02_gensets,73860,"22631 Dulles Summit Court Sterling, VA 20166",22631 Dulles Summit Court,Sterling,20166,15m,88.0434210527,imputed_from_pm25_budget_divided_by_pm25_factor,pm25_budget_and_factor,1.26255707763,permit_extracted_pm25_budget,deq_permit_73860,0.0143401637798,imputed_global_median_observed_pm25_lb_per_mwh,deq_emission_factors_observed_median,,1.26255707763,,4,True,True,https://www.deq.virginia.gov/news-info/shortcuts/permits/air/issued-air-permits-for-data-centers,"data/raw/deq/pdfs/73860-16_Amazon_Data_Services,_Inc._IAD-12_IAD-15_IAD-16_IAD-76_IAD-230.pdf",At least one headline value is imputed from global observed medians for smoke/central baseline coverage.,88.0434210527,-77.448009085616,38.989619737245,True,Exact,"22631 DULLES SUMMIT CT, STERLING, VA, 20166",3606,area_pop_003606
VA_DEQ_73860_SITE_03,deq_va_deq_73860_site_03,deq_va_deq_73860_site_03_gensets,73860,"22651 Dulles Summit Court Sterling, VA 20166",22651 Dulles Summit Court,Sterling,20166,15m,88.0434210527,imputed_from_pm25_budget_divided_by_pm25_factor,pm25_budget_and_factor,1.26255707763,permit_extracted_pm25_budget,deq_permit_73860,0.0143401637798,imputed_global_median_observed_pm25_lb_per_mwh,deq_emission_factors_observed_median,,1.26255707763,,4,True,True,https://www.deq.virginia.gov/news-info/shortcuts/permits/air/issued-air-permits-for-data-centers,"data/raw/deq/pdfs/73860-16_Amazon_Data_Services,_Inc._IAD-12_IAD-15_IAD-16_IAD-76_IAD-230.pdf",At least one headline value is imputed from global observed medians for smoke/central baseline coverage.,88.0434210527,-77.448303598195,38.98918941317,True,Exact,"22651 DULLES SUMMIT CT, STERLING, VA, 20166",3529,area_pop_003529
VA_DEQ_73860_SITE_04,deq_va_deq_73860_site_04,deq_va_deq_73860_site_04_gensets,73860,"22520 Randolph Drive Sterling, VA 20166",22520 Randolph Drive,Sterling,20166,15m,88.0434210527,imputed_from_pm25_budget_divided_by_pm25_factor,pm25_budget_and_factor,1.26255707763,permit_extracted_pm25_budget,deq_permit_73860,0.0143401637798,imputed_global_median_observed_pm25_lb_per_mwh,deq_emission_factors_observed_median,,1.26255707763,,4,True,True,https://www.deq.virginia.gov/news-info/shortcuts/permits/air/issued-air-permits-for-data-centers,"data/raw/deq/pdfs/73860-16_Amazon_Data_Services,_Inc._IAD-12_IAD-15_IAD-16_IAD-76_IAD-230.pdf",At least one headline value is imputed from global observed medians for smoke/central baseline coverage.,88.0434210527,-77.452003199957,38.994493170404,True,Exact,"22520 RANDOLPH DR, STERLING, VA, 20166",3606,area_pop_003606
VA_DEQ_73860_SITE_05,deq_va_deq_73860_site_05,deq_va_deq_73860_site_05_gensets,73860,"22665 Dulles Summit Court Sterling, VA 20166",22665 Dulles Summit Court,Sterling,20166,15m,88.0434210527,imputed_from_pm25_budget_divided_by_pm25_factor,pm25_budget_and_factor,1.26255707763,permit_extracted_pm25_budget,deq_permit_73860,0.0143401637798,imputed_global_median_observed_pm25_lb_per_mwh,deq_emission_factors_observed_median,,1.26255707763,,4,True,True,https://www.deq.virginia.gov/news-info/shortcuts/permits/air/issued-air-permits-for-data-centers,"data/raw/deq/pdfs/73860-16_Amazon_Data_Services,_Inc._IAD-12_IAD-15_IAD-16_IAD-76_IAD-230.pdf",At least one headline value is imputed from global observed medians for smoke/central baseline coverage.,88.0434210527,-77.448509756999,38.988888186318,True,Exact,"22665 DULLES SUMMIT CT, STERLING, VA, 20166",3529,area_pop_003529
VA_DEQ_73868_SITE_01,deq_va_deq_73868_site_01,deq_va_deq_73868_site_01_gensets,73868,"43831 Devin Shafron Drive Ashburn, Virginia 20147",43831 Devin Shafron Drive,Ashburn,20147,15m,51.4249999999,imputed_from_pm25_budget_divided_by_pm25_factor,pm25_budget_and_factor,0.737442922375,imputed_city_median_pm25_budget,city_median_pm25_budget,0.0143401637798,imputed_global_median_observed_pm25_lb_per_mwh,deq_emission_factors_observed_median,,,,4,True,True,https://www.deq.virginia.gov/news-info/shortcuts/permits/air/issued-air-permits-for-data-centers,data/raw/deq/pdfs/73868-1_VADATA_Inc_MEG_Four.pdf,At least one headline value is imputed from global observed medians for smoke/central baseline coverage.,51.4249999999,-77.48538092918,39.003553122167,True,Exact,"43831 DEVIN SHAFRON DR, ASHBURN, VA, 20147",3604,area_pop_003604
VA_DEQ_73872_SITE_01,deq_va_deq_73872_site_01,deq_va_deq_73872_site_01_gensets,73872,2980 Fairview Park Drive Falls Church Virginia 22042,2980 Fairview Park Drive,Falls Church,22042,15m,56.9973684209,imputed_from_pm25_budget_divided_by_pm25_factor,pm25_budget_and_factor,0.817351598174,imputed_global_median_pm25_budget,global_median_pm25_budget,0.0143401637798,imputed_global_median_observed_pm25_lb_per_mwh,deq_emission_factors_observed_median,,,,4,True,True,https://www.deq.virginia.gov/news-info/shortcuts/permits/air/issued-air-permits-for-data-centers,data/raw/deq/pdfs/73872-1_Northrop_Grumman_Systems_Corporation.pdf,At least one headline value is imputed from global observed medians for smoke/central baseline coverage.,56.9973684209,-77.215794276347,38.87348538264,True,Exact,"2980 FAIRVIEW PARK DR, FALLS CHURCH, VA, 22042",3059,area_pop_003059
VA_DEQ_73935_SITE_01,deq_va_deq_73935_site_01,deq_va_deq_73935_site_01_gensets,73935,21741 Red Rum Drive Ashburn VA 20147,21741 Red Rum Drive,Ashburn,20147,15m,35.1855263157,imputed_from_pm25_budget_divided_by_pm25_factor,pm25_budget_and_factor,0.504566210046,permit_extracted_pm25_budget,deq_permit_73935,0.0143401637798,imputed_global_median_observed_pm25_lb_per_mwh,deq_emission_factors_observed_median,,0.504566210046,,4,True,True,https://www.deq.virginia.gov/news-info/shortcuts/permits/air/issued-air-permits-for-data-centers,"data/raw/deq/pdfs/73935-7_Intergate_Ashburn,_LLC.pdf",At least one headline value is imputed from global observed medians for smoke/central baseline coverage.,35.1855263157,-77.476604194541,39.01536180594,True,Exact,"21741 RED RUM DR, ASHBURN, VA, 20147",3676,area_pop_003676
VA_DEQ_73946_SITE_01,deq_va_deq_73946_site_01,deq_va_deq_73946_site_01_gensets,73946,"21551 Beaumeade Circle Ashburn, VA 20147",21551 Beaumeade Circle,Ashburn,20147,15m,68.7789473683,imputed_from_pm25_budget_divided_by_pm25_factor,pm25_budget_and_factor,0.986301369863,permit_extracted_pm25_budget,deq_permit_73946,0.0143401637798,imputed_global_median_observed_pm25_lb_per_mwh,deq_emission_factors_observed_median,,0.986301369863,,4,True,True,https://www.deq.virginia.gov/news-info/shortcuts/permits/air/issued-air-permits-for-data-centers,"data/raw/deq/pdfs/73946-6_Equinix,_LLC_-_Ashburn.pdf",At least one headline value is imputed from global observed medians for smoke/central baseline coverage.,68.7789473683,-77.454002791156,39.020990952735,True,Exact,"21551 BEAUMEADE CIR, ASHBURN, VA, 20147",3676,area_pop_003676
VA_DEQ_73946_SITE_02,deq_va_deq_73946_site_02,deq_va_deq_73946_site_02_gensets,73946,"44790 Performance Circle Ashburn, VA 20147",44790 Performance Circle,Ashburn,20147,15m,68.7789473683,imputed_from_pm25_budget_divided_by_pm25_factor,pm25_budget_and_factor,0.986301369863,permit_extracted_pm25_budget,deq_permit_73946,0.0143401637798,imputed_global_median_observed_pm25_lb_per_mwh,deq_emission_factors_observed_median,,0.986301369863,,4,True,True,https://www.deq.virginia.gov/news-info/shortcuts/permits/air/issued-air-permits-for-data-centers,"data/raw/deq/pdfs/73946-6_Equinix,_LLC_-_Ashburn.pdf",At least one headline value is imputed from global observed medians for smoke/central baseline coverage.,68.7789473683,-77.4795846,39.041507,True,zip_centroid_approx,ZCTA centroid 20147,3723,area_pop_003723
VA_DEQ_73946_SITE_03,deq_va_deq_73946_site_03,deq_va_deq_73946_site_03_gensets,73946,"44780 Performance Circle Ashburn, VA 20147",44780 Performance Circle,Ashburn,20147,15m,68.7789473683,imputed_from_pm25_budget_divided_by_pm25_factor,pm25_budget_and_factor,0.986301369863,permit_extracted_pm25_budget,deq_permit_73946,0.0143401637798,imputed_global_median_observed_pm25_lb_per_mwh,deq_emission_factors_observed_median,,0.986301369863,,4,True,True,https://www.deq.virginia.gov/news-info/shortcuts/permits/air/issued-air-permits-for-data-centers,"data/raw/deq/pdfs/73946-6_Equinix,_LLC_-_Ashburn.pdf",At least one headline value is imputed from global observed medians for smoke/central baseline coverage.,68.7789473683,-77.4795846,39.041507,True,zip_centroid_approx,ZCTA centroid 20147,3723,area_pop_003723
VA_DEQ_73946_SITE_04,deq_va_deq_73946_site_04,deq_va_deq_73946_site_04_gensets,73946,"44740 Performance Circle Ashburn, VA 20147",44740 Performance Circle,Ashburn,20147,15m,68.7789473683,imputed_from_pm25_budget_divided_by_pm25_factor,pm25_budget_and_factor,0.986301369863,permit_extracted_pm25_budget,deq_permit_73946,0.0143401637798,imputed_global_median_observed_pm25_lb_per_mwh,deq_emission_factors_observed_median,,0.986301369863,,4,True,True,https://www.deq.virginia.gov/news-info/shortcuts/permits/air/issued-air-permits-for-data-centers,"data/raw/deq/pdfs/73946-6_Equinix,_LLC_-_Ashburn.pdf",At least one headline value is imputed from global observed medians for smoke/central baseline coverage.,68.7789473683,-77.4795846,39.041507,True,zip_centroid_approx,ZCTA centroid 20147,3723,area_pop_003723
VA_DEQ_73946_SITE_05,deq_va_deq_73946_site_05,deq_va_deq_73946_site_05_gensets,73946,"44710 Performance Circle Ashburn, VA 20147",44710 Performance Circle,Ashburn,20147,15m,68.7789473683,imputed_from_pm25_budget_divided_by_pm25_factor,pm25_budget_and_factor,0.986301369863,permit_extracted_pm25_budget,deq_permit_73946,0.0143401637798,imputed_global_median_observed_pm25_lb_per_mwh,deq_emission_factors_observed_median,,0.986301369863,,4,True,True,https://www.deq.virginia.gov/news-info/shortcuts/permits/air/issued-air-permits-for-data-centers,"data/raw/deq/pdfs/73946-6_Equinix,_LLC_-_Ashburn.pdf",At least one headline value is imputed from global observed medians for smoke/central baseline coverage.,68.7789473683,-77.4795846,39.041507,True,zip_centroid_approx,ZCTA centroid 20147,3723,area_pop_003723
VA_DEQ_73946_SITE_06,deq_va_deq_73946_site_06,deq_va_deq_73946_site_06_gensets,73946,"44690 Performance Circle Ashburn, VA 20147",44690 Performance Circle,Ashburn,20147,15m,68.7789473683,imputed_from_pm25_budget_divided_by_pm25_factor,pm25_budget_and_factor,0.986301369863,permit_extracted_pm25_budget,deq_permit_73946,0.0143401637798,imputed_global_median_observed_pm25_lb_per_mwh,deq_emission_factors_observed_median,,0.986301369863,,4,True,True,https://www.deq.virginia.gov/news-info/shortcuts/permits/air/issued-air-permits-for-data-centers,"data/raw/deq/pdfs/73946-6_Equinix,_LLC_-_Ashburn.pdf",At least one headline value is imputed from global observed medians for smoke/central baseline coverage.,68.7789473683,-77.4795846,39.041507,True,zip_centroid_approx,ZCTA centroid 20147,3723,area_pop_003723
VA_DEQ_73950_SITE_01,deq_va_deq_73950_site_01,deq_va_deq_73950_site_01_gensets,73950,44983 Knoll Square Drive Ashburn Virginia 20147,44983 Knoll Square Drive,Ashburn,20147,15m,51.4249999999,imputed_from_pm25_budget_divided_by_pm25_factor,pm25_budget_and_factor,0.737442922375,imputed_city_median_pm25_budget,city_median_pm25_budget,0.0143401637798,imputed_global_median_observed_pm25_lb_per_mwh,deq_emission_factors_observed_median,,,,4,True,True,https://www.deq.virginia.gov/news-info/shortcuts/permits/air/issued-air-permits-for-data-centers,data/raw/deq/pdfs/73950-1_George_Washington_University_-_VA_Campus_Bldg_II.pdf,At least one headline value is imputed from global observed medians for smoke/central baseline coverage.,51.4249999999,-77.443896113387,39.055153203459,True,Non_Exact,"44983 KNOLL SQ, ASHBURN, VA, 20147",3813,area_pop_003813
VA_DEQ_73954_SITE_01,deq_va_deq_73954_site_01,deq_va_deq_73954_site_01_gensets,73954,"44664 Guilford Dr Ashburn, VA 20147",44664 Guilford Dr,Ashburn,20147,15m,51.4249999999,imputed_from_pm25_budget_divided_by_pm25_factor,pm25_budget_and_factor,0.737442922375,imputed_city_median_pm25_budget,city_median_pm25_budget,0.0143401637798,imputed_global_median_observed_pm25_lb_per_mwh,deq_emission_factors_observed_median,,,,4,True,True,https://www.deq.virginia.gov/news-info/shortcuts/permits/air/issued-air-permits-for-data-centers,data/raw/deq/pdfs/73954-1_VA1_Data_Center.pdf,At least one headline value is imputed from global observed medians for smoke/central baseline coverage.,51.4249999999,-77.455900031353,39.021905153475,True,Exact,"44664 GUILFORD DR, ASHBURN, VA, 20147",3676,area_pop_003676
VA_DEQ_73977_SITE_01,deq_va_deq_73977_site_01,deq_va_deq_73977_site_01_gensets,73977,"14725 Lee Road, Chantilly, VA 20151",14725 Lee Road,Chantilly,20151,15m,57.1565789472,imputed_from_pm25_budget_divided_by_pm25_factor,pm25_budget_and_factor,0.819634703196,imputed_city_median_pm25_budget,city_median_pm25_budget,0.0143401637798,imputed_global_median_observed_pm25_lb_per_mwh,deq_emission_factors_observed_median,,,,4,True,True,https://www.deq.virginia.gov/news-info/shortcuts/permits/air/issued-air-permits-for-data-centers,data/raw/deq/pdfs/73977-1_The_Aerospace_Corporation.pdf,At least one headline value is imputed from global observed medians for smoke/central baseline coverage.,57.1565789472,-77.452563779564,38.878037237281,True,Exact,"14725 LEE RD, CHANTILLY, VA, 20151",3077,area_pop_003077
VA_DEQ_73995_SITE_01,deq_va_deq_73995_site_01,deq_va_deq_73995_site_01_gensets,73995,"7600 Doane Drive Manassas, VA 20109",7600 Doane Drive,Manassas,20109,15m,39.7484999999,imputed_from_pm25_budget_divided_by_pm25_factor,pm25_budget_and_factor,0.57,permit_extracted_pm25_budget,deq_permit_73995,0.0143401637798,imputed_global_median_observed_pm25_lb_per_mwh,deq_emission_factors_observed_median,,0.57,,4,True,True,https://www.deq.virginia.gov/news-info/shortcuts/permits/air/issued-air-permits-for-data-centers,"data/raw/deq/pdfs/73995-5_Amazon_Data_Services,_Inc._IAD-14_IAD-52_IAD-59.pdf",At least one headline value is imputed from global observed medians for smoke/central baseline coverage.,39.7484999999,-77.546682315264,38.792896951079,True,Exact,"7600 DOANE DR, MANASSAS, VA, 20109",2775,area_pop_002775
VA_DEQ_73995_SITE_02,deq_va_deq_73995_site_02,deq_va_deq_73995_site_02_gensets,73995,"11800 Brewers Spring Road Manassas, VA 20109",11800 Brewers Spring Road,Manassas,20109,15m,39.7484999999,imputed_from_pm25_budget_divided_by_pm25_factor,pm25_budget_and_factor,0.57,permit_extracted_pm25_budget,deq_permit_73995,0.0143401637798,imputed_global_median_observed_pm25_lb_per_mwh,deq_emission_factors_observed_median,,0.57,,4,True,True,https://www.deq.virginia.gov/news-info/shortcuts/permits/air/issued-air-permits-for-data-centers,"data/raw/deq/pdfs/73995-5_Amazon_Data_Services,_Inc._IAD-14_IAD-52_IAD-59.pdf",At least one headline value is imputed from global observed medians for smoke/central baseline coverage.,39.7484999999,-77.546733907628,38.790554436781,True,Non_Exact,"11800 BREWERS SPRING DR, MANASSAS, VA, 20109",2718,area_pop_002718
VA_DEQ_73995_SITE_03,deq_va_deq_73995_site_03,deq_va_deq_73995_site_03_gensets,73995,"11801 Brewers Spring Road Manassas, VA 20109",11801 Brewers Spring Road,Manassas,20109,15m,39.7484999999,imputed_from_pm25_budget_divided_by_pm25_factor,pm25_budget_and_factor,0.57,permit_extracted_pm25_budget,deq_permit_73995,0.0143401637798,imputed_global_median_observed_pm25_lb_per_mwh,deq_emission_factors_observed_median,,0.57,,4,True,True,https://www.deq.virginia.gov/news-info/shortcuts/permits/air/issued-air-permits-for-data-centers,"data/raw/deq/pdfs/73995-5_Amazon_Data_Services,_Inc._IAD-14_IAD-52_IAD-59.pdf",At least one headline value is imputed from global observed medians for smoke/central baseline coverage.,39.7484999999,-77.546736198272,38.790439859296,True,Non_Exact,"11801 BREWERS SPRING DR, MANASSAS, VA, 20109",2718,area_pop_002718
VA_DEQ_74020_SITE_01,deq_va_deq_74020_site_01,deq_va_deq_74020_site_01_gensets,74020,"8000 Jones Branch Drive McLean, Virginia",8000 Jones Branch Drive,McLean,22102,15m,37.2552631578,imputed_from_pm25_budget_divided_by_pm25_factor,pm25_budget_and_factor,0.534246575342,imputed_from_pm10_budget_conservative_upper_bound,deq_permit_74020,0.0143401637798,imputed_global_median_observed_pm25_lb_per_mwh,deq_emission_factors_observed_median,,,,4,True,True,https://www.deq.virginia.gov/news-info/shortcuts/permits/air/issued-air-permits-for-data-centers,data/raw/deq/pdfs/74020-1_Freddie_Mac_Building_-_8250_Jones_Branch_Drive.pdf,At least one headline value is imputed from global observed medians for smoke/central baseline coverage.,37.2552631578,-77.220717768649,38.931473104202,True,Exact,"8000 JONES BRANCH DR, MCLEAN, VA, 22102",3359,area_pop_003359
VA_DEQ_74020_SITE_02,deq_va_deq_74020_site_02,deq_va_deq_74020_site_02_gensets,74020,"8100 Jones Branch Drive McLean, Virginia",8100 Jones Branch Drive,McLean,22102,15m,37.2552631578,imputed_from_pm25_budget_divided_by_pm25_factor,pm25_budget_and_factor,0.534246575342,imputed_from_pm10_budget_conservative_upper_bound,deq_permit_74020,0.0143401637798,imputed_global_median_observed_pm25_lb_per_mwh,deq_emission_factors_observed_median,,,,4,True,True,https://www.deq.virginia.gov/news-info/shortcuts/permits/air/issued-air-permits-for-data-centers,data/raw/deq/pdfs/74020-1_Freddie_Mac_Building_-_8250_Jones_Branch_Drive.pdf,At least one headline value is imputed from global observed medians for smoke/central baseline coverage.,37.2552631578,-77.223724130268,38.93144645412,True,Exact,"8100 JONES BRANCH DR, MCLEAN, VA, 22102",3359,area_pop_003359
VA_DEQ_74020_SITE_03,deq_va_deq_74020_site_03,deq_va_deq_74020_site_03_gensets,74020,"8200 Jones Branch Drive McLean, Virginia",8200 Jones Branch Drive,McLean,22102,15m,37.2552631578,imputed_from_pm25_budget_divided_by_pm25_factor,pm25_budget_and_factor,0.534246575342,imputed_from_pm10_budget_conservative_upper_bound,deq_permit_74020,0.0143401637798,imputed_global_median_observed_pm25_lb_per_mwh,deq_emission_factors_observed_median,,,,4,True,True,https://www.deq.virginia.gov/news-info/shortcuts/permits/air/issued-air-permits-for-data-centers,data/raw/deq/pdfs/74020-1_Freddie_Mac_Building_-_8250_Jones_Branch_Drive.pdf,At least one headline value is imputed from global observed medians for smoke/central baseline coverage.,37.2552631578,-77.227126062494,38.932034035299,True,Exact,"8200 JONES BRANCH DR, MCLEAN, VA, 22102",3358,area_pop_003358
VA_DEQ_74020_SITE_04,deq_va_deq_74020_site_04,deq_va_deq_74020_site_04_gensets,74020,"8250 Jones Branch Drive McLean, Virginia",8250 Jones Branch Drive,McLean,22102,15m,37.2552631578,imputed_from_pm25_budget_divided_by_pm25_factor,pm25_budget_and_factor,0.534246575342,imputed_from_pm10_budget_conservative_upper_bound,deq_permit_74020,0.0143401637798,imputed_global_median_observed_pm25_lb_per_mwh,deq_emission_factors_observed_median,,,,4,True,True,https://www.deq.virginia.gov/news-info/shortcuts/permits/air/issued-air-permits-for-data-centers,data/raw/deq/pdfs/74020-1_Freddie_Mac_Building_-_8250_Jones_Branch_Drive.pdf,At least one headline value is imputed from global observed medians for smoke/central baseline coverage.,37.2552631578,-77.229133072516,38.932075015046,True,Exact,"8250 JONES BRANCH DR, MCLEAN, VA, 22102",3358,area_pop_003358
VA_DEQ_74020_SITE_05,deq_va_deq_74020_site_05,deq_va_deq_74020_site_05_gensets,74020,"1551 Park Run Drive McLean, Virginia",1551 Park Run Drive,McLean,22102,15m,37.2552631578,imputed_from_pm25_budget_divided_by_pm25_factor,pm25_budget_and_factor,0.534246575342,imputed_from_pm10_budget_conservative_upper_bound,deq_permit_74020,0.0143401637798,imputed_global_median_observed_pm25_lb_per_mwh,deq_emission_factors_observed_median,,,,4,True,True,https://www.deq.virginia.gov/news-info/shortcuts/permits/air/issued-air-permits-for-data-centers,data/raw/deq/pdfs/74020-1_Freddie_Mac_Building_-_8250_Jones_Branch_Drive.pdf,At least one headline value is imputed from global observed medians for smoke/central baseline coverage.,37.2552631578,-77.227089224573,38.930174541091,True,Exact,"1551 PARK RUN DR, MCLEAN, VA, 22102",3358,area_pop_003358
VA_DEQ_74049_SITE_01,deq_va_deq_74049_site_01,deq_va_deq_74049_site_01_gensets,74049,"21271 Smith Switch Road Ashburn, Virginia 20147",21271 Smith Switch Road,Ashburn,20147,15m,92.1828947367,imputed_from_pm25_budget_divided_by_pm25_factor,pm25_budget_and_factor,1.32191780822,permit_extracted_pm25_budget,deq_permit_74049,0.0143401637798,imputed_global_median_observed_pm25_lb_per_mwh,deq_emission_factors_observed_median,,1.32191780822,,4,True,True,https://www.deq.virginia.gov/news-info/shortcuts/permits/air/issued-air-permits-for-data-centers,"data/raw/deq/pdfs/74049-9_Amazon_Data_Services,_Inc._IAD_50_IAD_60_IAD-71_IAD-78_IAD-79_IAD-80.pdf",At least one headline value is imputed from global observed medians for smoke/central baseline coverage.,92.1828947367,-77.459415732235,39.027018853162,True,Exact,"21271 SMITH SWITCH RD, ASHBURN, VA, 20147",3676,area_pop_003676
VA_DEQ_74049_SITE_02,deq_va_deq_74049_site_02,deq_va_deq_74049_site_02_gensets,74049,"21267 Smith Switch Road Ashburn, Virginia 20147",21267 Smith Switch Road,Ashburn,20147,15m,92.1828947367,imputed_from_pm25_budget_divided_by_pm25_factor,pm25_budget_and_factor,1.32191780822,permit_extracted_pm25_budget,deq_permit_74049,0.0143401637798,imputed_global_median_observed_pm25_lb_per_mwh,deq_emission_factors_observed_median,,1.32191780822,,4,True,True,https://www.deq.virginia.gov/news-info/shortcuts/permits/air/issued-air-permits-for-data-centers,"data/raw/deq/pdfs/74049-9_Amazon_Data_Services,_Inc._IAD_50_IAD_60_IAD-71_IAD-78_IAD-79_IAD-80.pdf",At least one headline value is imputed from global observed medians for smoke/central baseline coverage.,92.1828947367,-77.459028590443,39.027038849298,True,Exact,"21267 SMITH SWITCH RD, ASHBURN, VA, 20147",3676,area_pop_003676
VA_DEQ_74049_SITE_03,deq_va_deq_74049_site_03,deq_va_deq_74049_site_03_gensets,74049,"21263 Smith Switch Road Ashburn, Virginia 20147",21263 Smith Switch Road,Ashburn,20147,15m,92.1828947367,imputed_from_pm25_budget_divided_by_pm25_factor,pm25_budget_and_factor,1.32191780822,permit_extracted_pm25_budget,deq_permit_74049,0.0143401637798,imputed_global_median_observed_pm25_lb_per_mwh,deq_emission_factors_observed_median,,1.32191780822,,4,True,True,https://www.deq.virginia.gov/news-info/shortcuts/permits/air/issued-air-permits-for-data-centers,"data/raw/deq/pdfs/74049-9_Amazon_Data_Services,_Inc._IAD_50_IAD_60_IAD-71_IAD-78_IAD-79_IAD-80.pdf",At least one headline value is imputed from global observed medians for smoke/central baseline coverage.,92.1828947367,-77.458978823291,39.02703977091,True,Exact,"21263 SMITH SWITCH RD, ASHBURN, VA, 20147",3676,area_pop_003676
VA_DEQ_74049_SITE_04,deq_va_deq_74049_site_04,deq_va_deq_74049_site_04_gensets,74049,"44862 Interconnection Plaza Ashburn, Virginia 20147",44862 Interconnection Plaza,Ashburn,20147,15m,92.1828947367,imputed_from_pm25_budget_divided_by_pm25_factor,pm25_budget_and_factor,1.32191780822,permit_extracted_pm25_budget,deq_permit_74049,0.0143401637798,imputed_global_median_observed_pm25_lb_per_mwh,deq_emission_factors_observed_median,,1.32191780822,,4,True,True,https://www.deq.virginia.gov/news-info/shortcuts/permits/air/issued-air-permits-for-data-centers,"data/raw/deq/pdfs/74049-9_Amazon_Data_Services,_Inc._IAD_50_IAD_60_IAD-71_IAD-78_IAD-79_IAD-80.pdf",At least one headline value is imputed from global observed medians for smoke/central baseline coverage.,92.1828947367,-77.4795846,39.041507,True,zip_centroid_approx,ZCTA centroid 20147,3723,area_pop_003723
VA_DEQ_74049_SITE_05,deq_va_deq_74049_site_05,deq_va_deq_74049_site_05_gensets,74049,"44858 Interconnection Plaza Ashburn, Virginia 20147",44858 Interconnection Plaza,Ashburn,20147,15m,92.1828947367,imputed_from_pm25_budget_divided_by_pm25_factor,pm25_budget_and_factor,1.32191780822,permit_extracted_pm25_budget,deq_permit_74049,0.0143401637798,imputed_global_median_observed_pm25_lb_per_mwh,deq_emission_factors_observed_median,,1.32191780822,,4,True,True,https://www.deq.virginia.gov/news-info/shortcuts/permits/air/issued-air-permits-for-data-centers,"data/raw/deq/pdfs/74049-9_Amazon_Data_Services,_Inc._IAD_50_IAD_60_IAD-71_IAD-78_IAD-79_IAD-80.pdf",At least one headline value is imputed from global observed medians for smoke/central baseline coverage.,92.1828947367,-77.4795846,39.041507,True,zip_centroid_approx,ZCTA centroid 20147,3723,area_pop_003723
VA_DEQ_74049_SITE_06,deq_va_deq_74049_site_06,deq_va_deq_74049_site_06_gensets,74049,"44854 Interconnection Plaza Ashburn, Virginia 20147",44854 Interconnection Plaza,Ashburn,20147,15m,92.1828947367,imputed_from_pm25_budget_divided_by_pm25_factor,pm25_budget_and_factor,1.32191780822,permit_extracted_pm25_budget,deq_permit_74049,0.0143401637798,imputed_global_median_observed_pm25_lb_per_mwh,deq_emission_factors_observed_median,,1.32191780822,,4,True,True,https://www.deq.virginia.gov/news-info/shortcuts/permits/air/issued-air-permits-for-data-centers,"data/raw/deq/pdfs/74049-9_Amazon_Data_Services,_Inc._IAD_50_IAD_60_IAD-71_IAD-78_IAD-79_IAD-80.pdf",At least one headline value is imputed from global observed medians for smoke/central baseline coverage.,92.1828947367,-77.4795846,39.041507,True,zip_centroid_approx,ZCTA centroid 20147,3723,area_pop_003723
VA_DEQ_74051_SITE_01,deq_va_deq_74051_site_01,deq_va_deq_74051_site_01_gensets,74051,15030 Conference Center Drive Chantilly VA 20151,15030 Conference Center Drive,Chantilly,20151,15m,57.1565789472,imputed_from_pm25_budget_divided_by_pm25_factor,pm25_budget_and_factor,0.819634703196,imputed_city_median_pm25_budget,city_median_pm25_budget,0.0143401637798,imputed_global_median_observed_pm25_lb_per_mwh,deq_emission_factors_observed_median,,,,4,True,True,https://www.deq.virginia.gov/news-info/shortcuts/permits/air/issued-air-permits-for-data-centers,"data/raw/deq/pdfs/74051-2_Captone_Mission_Ridge,_LLC.pdf",At least one headline value is imputed from global observed medians for smoke/central baseline coverage.,57.1565789472,-77.463757668245,38.87892022577,True,Exact,"15030 CONFERENCE CENTER DR, CHANTILLY, VA, 20151",3076,area_pop_003076
VA_DEQ_74052_SITE_01,deq_va_deq_74052_site_01,deq_va_deq_74052_site_01_gensets,74052,"15395 John Marshall Hwy Haymarket, Virginia 20169",15395 John Marshall Hwy,Haymarket,20169,15m,38.0513157894,imputed_from_pm25_budget_divided_by_pm25_factor,pm25_budget_and_factor,0.545662100457,permit_extracted_pm25_budget,deq_permit_74052,0.0143401637798,imputed_global_median_observed_pm25_lb_per_mwh,deq_emission_factors_observed_median,,0.545662100457,,4,True,True,https://www.deq.virginia.gov/news-info/shortcuts/permits/air/issued-air-permits-for-data-centers,"data/raw/deq/pdfs/74052-9_Amazon_Data_Services,_Inc._IAD-55_IAD-64_IAD-84.pdf",At least one headline value is imputed from global observed medians for smoke/central baseline coverage.,38.0513157894,-77.646262,38.8716842,True,zip_centroid_approx,ZCTA centroid 20169,3038,area_pop_003038
VA_DEQ_74052_SITE_02,deq_va_deq_74052_site_02,deq_va_deq_74052_site_02_gensets,74052,"15465 John Marshall Hwy Haymarket, Virginia 20169",15465 John Marshall Hwy,Haymarket,20169,15m,38.0513157894,imputed_from_pm25_budget_divided_by_pm25_factor,pm25_budget_and_factor,0.545662100457,permit_extracted_pm25_budget,deq_permit_74052,0.0143401637798,imputed_global_median_observed_pm25_lb_per_mwh,deq_emission_factors_observed_median,,0.545662100457,,4,True,True,https://www.deq.virginia.gov/news-info/shortcuts/permits/air/issued-air-permits-for-data-centers,"data/raw/deq/pdfs/74052-9_Amazon_Data_Services,_Inc._IAD-55_IAD-64_IAD-84.pdf",At least one headline value is imputed from global observed medians for smoke/central baseline coverage.,38.0513157894,-77.651889703666,38.819574315726,True,Exact,"15465 JOHN MARSHALL HWY, HAYMARKET, VA, 20169",2851,area_pop_002851
VA_DEQ_74052_SITE_03,deq_va_deq_74052_site_03,deq_va_deq_74052_site_03_gensets,74052,"15455 John Marshall Hwy Haymarket, Virginia 20169",15455 John Marshall Hwy,Haymarket,20169,15m,38.0513157894,imputed_from_pm25_budget_divided_by_pm25_factor,pm25_budget_and_factor,0.545662100457,permit_extracted_pm25_budget,deq_permit_74052,0.0143401637798,imputed_global_median_observed_pm25_lb_per_mwh,deq_emission_factors_observed_median,,0.545662100457,,4,True,True,https://www.deq.virginia.gov/news-info/shortcuts/permits/air/issued-air-permits-for-data-centers,"data/raw/deq/pdfs/74052-9_Amazon_Data_Services,_Inc._IAD-55_IAD-64_IAD-84.pdf",At least one headline value is imputed from global observed medians for smoke/central baseline coverage.,38.0513157894,-77.651584250135,38.819460740472,True,Exact,"15455 JOHN MARSHALL HWY, HAYMARKET, VA, 20169",2851,area_pop_002851
VA_DEQ_74052_SITE_04,deq_va_deq_74052_site_04,deq_va_deq_74052_site_04_gensets,74052,"15454 John Marshall Hwy Haymarket, Virginia 20169",15454 John Marshall Hwy,Haymarket,20169,15m,38.0513157894,imputed_from_pm25_budget_divided_by_pm25_factor,pm25_budget_and_factor,0.545662100457,permit_extracted_pm25_budget,deq_permit_74052,0.0143401637798,imputed_global_median_observed_pm25_lb_per_mwh,deq_emission_factors_observed_median,,0.545662100457,,4,True,True,https://www.deq.virginia.gov/news-info/shortcuts/permits/air/issued-air-permits-for-data-centers,"data/raw/deq/pdfs/74052-9_Amazon_Data_Services,_Inc._IAD-55_IAD-64_IAD-84.pdf",At least one headline value is imputed from global observed medians for smoke/central baseline coverage.,38.0513157894,-77.648220670032,38.818040082664,True,Exact,"15454 JOHN MARSHALL HWY, HAYMARKET, VA, 20169",2851,area_pop_002851
VA_DEQ_74060_SITE_01,deq_va_deq_74060_site_01,deq_va_deq_74060_site_01_gensets,74060,7681 Boston Blvd Springfield VA 22153,7681 Boston Blvd,Springfield,22153,15m,56.0421052631,imputed_from_pm25_budget_divided_by_pm25_factor,pm25_budget_and_factor,0.803652968037,imputed_city_median_pm25_budget,city_median_pm25_budget,0.0143401637798,imputed_global_median_observed_pm25_lb_per_mwh,deq_emission_factors_observed_median,,,,4,True,True,https://www.deq.virginia.gov/news-info/shortcuts/permits/air/issued-air-permits-for-data-centers,data/raw/deq/pdfs/74060-2_U.S._Customs_and_Border_Protection.pdf,At least one headline value is imputed from global observed medians for smoke/central baseline coverage.,56.0421052631,-77.208332363572,38.738484079703,True,Exact,"7681 BOSTON BLVD, SPRINGFIELD, VA, 22153",2640,area_pop_002640
VA_DEQ_74063_SITE_01,deq_va_deq_74063_site_01,deq_va_deq_74063_site_01_gensets,74063,"45220 Prologis Plaza Sterling, Virginia 20166",45220 Prologis Plaza,Sterling,20166,15m,1.43289473684,imputed_from_pm25_budget_divided_by_pm25_factor,pm25_budget_and_factor,0.0205479452055,permit_extracted_pm25_budget,deq_permit_74063,0.0143401637798,imputed_global_median_observed_pm25_lb_per_mwh,deq_emission_factors_observed_median,,0.0205479452055,,4,True,True,https://www.deq.virginia.gov/news-info/shortcuts/permits/air/issued-air-permits-for-data-centers,"data/raw/deq/pdfs/74063-4_Amazon_Data_Services,_Inc._IAD-51_IAD-56_IAD-88_IAD-89.pdf",At least one headline value is imputed from global observed medians for smoke/central baseline coverage.,1.43289473684,-77.437923628401,38.988310046978,True,Exact,"45220 PROLOGIS PLZ, STERLING, VA, 20166",3529,area_pop_003529
VA_DEQ_74063_SITE_02,deq_va_deq_74063_site_02,deq_va_deq_74063_site_02_gensets,74063,"45210 Prologis Plaza Sterling, Virginia 20166",45210 Prologis Plaza,Sterling,20166,15m,1.43289473684,imputed_from_pm25_budget_divided_by_pm25_factor,pm25_budget_and_factor,0.0205479452055,permit_extracted_pm25_budget,deq_permit_74063,0.0143401637798,imputed_global_median_observed_pm25_lb_per_mwh,deq_emission_factors_observed_median,,0.0205479452055,,4,True,True,https://www.deq.virginia.gov/news-info/shortcuts/permits/air/issued-air-permits-for-data-centers,"data/raw/deq/pdfs/74063-4_Amazon_Data_Services,_Inc._IAD-51_IAD-56_IAD-88_IAD-89.pdf",At least one headline value is imputed from global observed medians for smoke/central baseline coverage.,1.43289473684,-77.438008198754,38.988341458831,True,Exact,"45210 PROLOGIS PLZ, STERLING, VA, 20166",3529,area_pop_003529
VA_DEQ_74063_SITE_03,deq_va_deq_74063_site_03,deq_va_deq_74063_site_03_gensets,74063,"45110 Loudoun Downs Lane Sterling, Virginia 20166",45110 Loudoun Downs Lane,Sterling,20166,15m,1.43289473684,imputed_from_pm25_budget_divided_by_pm25_factor,pm25_budget_and_factor,0.0205479452055,permit_extracted_pm25_budget,deq_permit_74063,0.0143401637798,imputed_global_median_observed_pm25_lb_per_mwh,deq_emission_factors_observed_median,,0.0205479452055,,4,True,True,https://www.deq.virginia.gov/news-info/shortcuts/permits/air/issued-air-permits-for-data-centers,"data/raw/deq/pdfs/74063-4_Amazon_Data_Services,_Inc._IAD-51_IAD-56_IAD-88_IAD-89.pdf",At least one headline value is imputed from global observed medians for smoke/central baseline coverage.,1.43289473684,-77.4637354,38.971441,True,zip_centroid_approx,ZCTA centroid 20166,3528,area_pop_003528
VA_DEQ_74063_SITE_04,deq_va_deq_74063_site_04,deq_va_deq_74063_site_04_gensets,74063,"45111 Loudoun Downs Lane Sterling, Virginia 20166",45111 Loudoun Downs Lane,Sterling,20166,15m,1.43289473684,imputed_from_pm25_budget_divided_by_pm25_factor,pm25_budget_and_factor,0.0205479452055,permit_extracted_pm25_budget,deq_permit_74063,0.0143401637798,imputed_global_median_observed_pm25_lb_per_mwh,deq_emission_factors_observed_median,,0.0205479452055,,4,True,True,https://www.deq.virginia.gov/news-info/shortcuts/permits/air/issued-air-permits-for-data-centers,"data/raw/deq/pdfs/74063-4_Amazon_Data_Services,_Inc._IAD-51_IAD-56_IAD-88_IAD-89.pdf",At least one headline value is imputed from global observed medians for smoke/central baseline coverage.,1.43289473684,-77.4637354,38.971441,True,zip_centroid_approx,ZCTA centroid 20166,3528,area_pop_003528
VA_DEQ_74063_SITE_05,deq_va_deq_74063_site_05,deq_va_deq_74063_site_05_gensets,74063,"22574 Pacific Boulevard Sterling, Virginia 20166",22574 Pacific Boulevard,Sterling,20166,15m,1.43289473684,imputed_from_pm25_budget_divided_by_pm25_factor,pm25_budget_and_factor,0.0205479452055,permit_extracted_pm25_budget,deq_permit_74063,0.0143401637798,imputed_global_median_observed_pm25_lb_per_mwh,deq_emission_factors_observed_median,,0.0205479452055,,4,True,True,https://www.deq.virginia.gov/news-info/shortcuts/permits/air/issued-air-permits-for-data-centers,"data/raw/deq/pdfs/74063-4_Amazon_Data_Services,_Inc._IAD-51_IAD-56_IAD-88_IAD-89.pdf",At least one headline value is imputed from global observed medians for smoke/central baseline coverage.,1.43289473684,-77.4637354,38.971441,True,zip_centroid_approx,ZCTA centroid 20166,3528,area_pop_003528
VA_DEQ_74063_SITE_06,deq_va_deq_74063_site_06,deq_va_deq_74063_site_06_gensets,74063,"22750 Pacific Boulevard Sterling, Virginia 20166",22750 Pacific Boulevard,Sterling,20166,15m,1.43289473684,imputed_from_pm25_budget_divided_by_pm25_factor,pm25_budget_and_factor,0.0205479452055,permit_extracted_pm25_budget,deq_permit_74063,0.0143401637798,imputed_global_median_observed_pm25_lb_per_mwh,deq_emission_factors_observed_median,,0.0205479452055,,4,True,True,https://www.deq.virginia.gov/news-info/shortcuts/permits/air/issued-air-permits-for-data-centers,"data/raw/deq/pdfs/74063-4_Amazon_Data_Services,_Inc._IAD-51_IAD-56_IAD-88_IAD-89.pdf",At least one headline value is imputed from global observed medians for smoke/central baseline coverage.,1.43289473684,-77.436471250008,38.989373293984,True,Exact,"22750 PACIFIC BLVD, STERLING, VA, 20166",3529,area_pop_003529
VA_DEQ_74064_SITE_01,deq_va_deq_74064_site_01,deq_va_deq_74064_site_01_gensets,74064,"22745 Relocation Dr Sterling, Virginia 20166",22745 Relocation Dr,Sterling,20166,15m,28.5910263157,imputed_from_pm25_budget_divided_by_pm25_factor,pm25_budget_and_factor,0.41,permit_extracted_pm25_budget,deq_permit_74064,0.0143401637798,imputed_global_median_observed_pm25_lb_per_mwh,deq_emission_factors_observed_median,,0.41,,4,True,True,https://www.deq.virginia.gov/news-info/shortcuts/permits/air/issued-air-permits-for-data-centers,"data/raw/deq/pdfs/74064-1_Amazon_Data_Services,_Inc._IAD-57_IAD-58.pdf",At least one headline value is imputed from global observed medians for smoke/central baseline coverage.,28.5910263157,-77.439965474899,38.987830270951,True,Exact,"22745 RELOCATION DR, STERLING, VA, 20166",3529,area_pop_003529
VA_DEQ_74074_SITE_01,deq_va_deq_74074_site_01,deq_va_deq_74074_site_01_gensets,74074,14901 Conference Center Drive Chantilly VA 20151,14901 Conference Center Drive,Chantilly,20151,15m,9.71184210526,imputed_from_pm25_budget_divided_by_pm25_factor,pm25_budget_and_factor,0.139269406393,permit_extracted_pm25_budget,deq_permit_74074,0.0143401637798,imputed_global_median_observed_pm25_lb_per_mwh,deq_emission_factors_observed_median,,0.139269406393,,4,True,True,https://www.deq.virginia.gov/news-info/shortcuts/permits/air/issued-air-permits-for-data-centers,"data/raw/deq/pdfs/74074-6_Corporate_Office_Properties,_L.P._-_Park_Center.pdf",At least one headline value is imputed from global observed medians for smoke/central baseline coverage.,9.71184210526,-77.4445453,38.8958603,True,zip_centroid_approx,ZCTA centroid 20151,3179,area_pop_003179
VA_DEQ_74079_SITE_01,deq_va_deq_74079_site_01,deq_va_deq_74079_site_01_gensets,74079,22080 Pacific Boulevard Sterling Virginia 20166,22080 Pacific Boulevard,Sterling,20166,15m,36.2999999999,imputed_from_pm25_budget_divided_by_pm25_factor,pm25_budget_and_factor,0.520547945205,permit_extracted_pm25_budget,deq_permit_74079,0.0143401637798,imputed_global_median_observed_pm25_lb_per_mwh,deq_emission_factors_observed_median,,0.520547945205,,4,True,True,https://www.deq.virginia.gov/news-info/shortcuts/permits/air/issued-air-permits-for-data-centers,"data/raw/deq/pdfs/74079-5_SI_NVA01_ABS,_LLC.pdf",At least one headline value is imputed from global observed medians for smoke/central baseline coverage.,36.2999999999,-77.443629897875,39.005136325124,True,Exact,"22080 PACIFIC BLVD, STERLING, VA, 20166",3606,area_pop_003606
VA_DEQ_74080_SITE_01,deq_va_deq_74080_site_01,deq_va_deq_74080_site_01_gensets,74080,"43736 Clubber Lane Chantilly, Virginia 20152",43736 Clubber Lane,Chantilly,20152,15m,57.1565789472,imputed_from_pm25_budget_divided_by_pm25_factor,pm25_budget_and_factor,0.819634703196,permit_extracted_pm25_budget,deq_permit_74080,0.0143401637798,imputed_global_median_observed_pm25_lb_per_mwh,deq_emission_factors_observed_median,,0.819634703196,,4,True,True,https://www.deq.virginia.gov/news-info/shortcuts/permits/air/issued-air-permits-for-data-centers,"data/raw/deq/pdfs/74080-8_Amazon_Data_Services,_Inc._IAD-61_IAD-63_IAD-65_IAD-86_IAD-155_IAD-600_IAD-018.pdf",At least one headline value is imputed from global observed medians for smoke/central baseline coverage.,57.1565789472,-77.5191754,38.8998474,True,zip_centroid_approx,ZCTA centroid 20152,3176,area_pop_003176
VA_DEQ_74080_SITE_02,deq_va_deq_74080_site_02,deq_va_deq_74080_site_02_gensets,74080,"43701 Clubber Lane Chantilly, Virginia 20152",43701 Clubber Lane,Chantilly,20152,15m,57.1565789472,imputed_from_pm25_budget_divided_by_pm25_factor,pm25_budget_and_factor,0.819634703196,permit_extracted_pm25_budget,deq_permit_74080,0.0143401637798,imputed_global_median_observed_pm25_lb_per_mwh,deq_emission_factors_observed_median,,0.819634703196,,4,True,True,https://www.deq.virginia.gov/news-info/shortcuts/permits/air/issued-air-permits-for-data-centers,"data/raw/deq/pdfs/74080-8_Amazon_Data_Services,_Inc._IAD-61_IAD-63_IAD-65_IAD-86_IAD-155_IAD-600_IAD-018.pdf",At least one headline value is imputed from global observed medians for smoke/central baseline coverage.,57.1565789472,-77.5191754,38.8998474,True,zip_centroid_approx,ZCTA centroid 20152,3176,area_pop_003176
VA_DEQ_74080_SITE_03,deq_va_deq_74080_site_03,deq_va_deq_74080_site_03_gensets,74080,"25316 Prediction Lane Chantilly, Virginia 20152",25316 Prediction Lane,Chantilly,20152,15m,57.1565789472,imputed_from_pm25_budget_divided_by_pm25_factor,pm25_budget_and_factor,0.819634703196,permit_extracted_pm25_budget,deq_permit_74080,0.0143401637798,imputed_global_median_observed_pm25_lb_per_mwh,deq_emission_factors_observed_median,,0.819634703196,,4,True,True,https://www.deq.virginia.gov/news-info/shortcuts/permits/air/issued-air-permits-for-data-centers,"data/raw/deq/pdfs/74080-8_Amazon_Data_Services,_Inc._IAD-61_IAD-63_IAD-65_IAD-86_IAD-155_IAD-600_IAD-018.pdf",At least one headline value is imputed from global observed medians for smoke/central baseline coverage.,57.1565789472,-77.5191754,38.8998474,True,zip_centroid_approx,ZCTA centroid 20152,3176,area_pop_003176
VA_DEQ_74080_SITE_04,deq_va_deq_74080_site_04,deq_va_deq_74080_site_04_gensets,74080,"25311 Prediction Lane Chantilly, Virginia 20152",25311 Prediction Lane,Chantilly,20152,15m,57.1565789472,imputed_from_pm25_budget_divided_by_pm25_factor,pm25_budget_and_factor,0.819634703196,permit_extracted_pm25_budget,deq_permit_74080,0.0143401637798,imputed_global_median_observed_pm25_lb_per_mwh,deq_emission_factors_observed_median,,0.819634703196,,4,True,True,https://www.deq.virginia.gov/news-info/shortcuts/permits/air/issued-air-permits-for-data-centers,"data/raw/deq/pdfs/74080-8_Amazon_Data_Services,_Inc._IAD-61_IAD-63_IAD-65_IAD-86_IAD-155_IAD-600_IAD-018.pdf",At least one headline value is imputed from global observed medians for smoke/central baseline coverage.,57.1565789472,-77.5191754,38.8998474,True,zip_centroid_approx,ZCTA centroid 20152,3176,area_pop_003176
VA_DEQ_74080_SITE_05,deq_va_deq_74080_site_05,deq_va_deq_74080_site_05_gensets,74080,"43774 Clubber Lane Chantilly, Virginia 20152",43774 Clubber Lane,Chantilly,20152,15m,57.1565789472,imputed_from_pm25_budget_divided_by_pm25_factor,pm25_budget_and_factor,0.819634703196,permit_extracted_pm25_budget,deq_permit_74080,0.0143401637798,imputed_global_median_observed_pm25_lb_per_mwh,deq_emission_factors_observed_median,,0.819634703196,,4,True,True,https://www.deq.virginia.gov/news-info/shortcuts/permits/air/issued-air-permits-for-data-centers,"data/raw/deq/pdfs/74080-8_Amazon_Data_Services,_Inc._IAD-61_IAD-63_IAD-65_IAD-86_IAD-155_IAD-600_IAD-018.pdf",At least one headline value is imputed from global observed medians for smoke/central baseline coverage.,57.1565789472,-77.5191754,38.8998474,True,zip_centroid_approx,ZCTA centroid 20152,3176,area_pop_003176
VA_DEQ_74080_SITE_06,deq_va_deq_74080_site_06,deq_va_deq_74080_site_06_gensets,74080,"43764 Clubber Lane Chantilly, Virginia 20152",43764 Clubber Lane,Chantilly,20152,15m,57.1565789472,imputed_from_pm25_budget_divided_by_pm25_factor,pm25_budget_and_factor,0.819634703196,permit_extracted_pm25_budget,deq_permit_74080,0.0143401637798,imputed_global_median_observed_pm25_lb_per_mwh,deq_emission_factors_observed_median,,0.819634703196,,4,True,True,https://www.deq.virginia.gov/news-info/shortcuts/permits/air/issued-air-permits-for-data-centers,"data/raw/deq/pdfs/74080-8_Amazon_Data_Services,_Inc._IAD-61_IAD-63_IAD-65_IAD-86_IAD-155_IAD-600_IAD-018.pdf",At least one headline value is imputed from global observed medians for smoke/central baseline coverage.,57.1565789472,-77.5191754,38.8998474,True,zip_centroid_approx,ZCTA centroid 20152,3176,area_pop_003176
VA_DEQ_74080_SITE_07,deq_va_deq_74080_site_07,deq_va_deq_74080_site_07_gensets,74080,"43571 John Mosby Hwy Chantilly, Virginia 20152",43571 John Mosby Hwy,Chantilly,20152,15m,57.1565789472,imputed_from_pm25_budget_divided_by_pm25_factor,pm25_budget_and_factor,0.819634703196,permit_extracted_pm25_budget,deq_permit_74080,0.0143401637798,imputed_global_median_observed_pm25_lb_per_mwh,deq_emission_factors_observed_median,,0.819634703196,,4,True,True,https://www.deq.virginia.gov/news-info/shortcuts/permits/air/issued-air-permits-for-data-centers,"data/raw/deq/pdfs/74080-8_Amazon_Data_Services,_Inc._IAD-61_IAD-63_IAD-65_IAD-86_IAD-155_IAD-600_IAD-018.pdf",At least one headline value is imputed from global observed medians for smoke/central baseline coverage.,57.1565789472,-77.493950982356,38.919331689558,True,Exact,"43571 JOHN MOSBY HWY, CHANTILLY, VA, 20152",3265,area_pop_003265
VA_DEQ_74081_SITE_01,deq_va_deq_74081_site_01,deq_va_deq_74081_site_01_gensets,74081,"7060 Wellington Rd Manassas, VA 20109",7060 Wellington Rd,Manassas,20109,15m,96.0039473684,imputed_from_pm25_budget_divided_by_pm25_factor,pm25_budget_and_factor,1.37671232877,permit_extracted_pm25_budget,deq_permit_74081,0.0143401637798,imputed_global_median_observed_pm25_lb_per_mwh,deq_emission_factors_observed_median,,1.37671232877,,4,True,True,https://www.deq.virginia.gov/news-info/shortcuts/permits/air/issued-air-permits-for-data-centers,"data/raw/deq/pdfs/74081-4_Amazon_Data_Services,_Inc._IAD-73_IAD-74_IAD-602_IAD-193_IAD-194.pdf",At least one headline value is imputed from global observed medians for smoke/central baseline coverage.,96.0039473684,-77.557103566839,38.780041083857,True,Exact,"7060 WELLINGTON RD, MANASSAS, VA, 20109",2717,area_pop_002717
VA_DEQ_74081_SITE_02,deq_va_deq_74081_site_02,deq_va_deq_74081_site_02_gensets,74081,"7070 Wellington Rd Manassas, VA 20109",7070 Wellington Rd,Manassas,20109,15m,96.0039473684,imputed_from_pm25_budget_divided_by_pm25_factor,pm25_budget_and_factor,1.37671232877,permit_extracted_pm25_budget,deq_permit_74081,0.0143401637798,imputed_global_median_observed_pm25_lb_per_mwh,deq_emission_factors_observed_median,,1.37671232877,,4,True,True,https://www.deq.virginia.gov/news-info/shortcuts/permits/air/issued-air-permits-for-data-centers,"data/raw/deq/pdfs/74081-4_Amazon_Data_Services,_Inc._IAD-73_IAD-74_IAD-602_IAD-193_IAD-194.pdf",At least one headline value is imputed from global observed medians for smoke/central baseline coverage.,96.0039473684,-77.556845189132,38.779822310411,True,Exact,"7070 WELLINGTON RD, MANASSAS, VA, 20109",2717,area_pop_002717
VA_DEQ_74081_SITE_03,deq_va_deq_74081_site_03,deq_va_deq_74081_site_03_gensets,74081,"7080 Wellington Rd Manassas, VA 20109",7080 Wellington Rd,Manassas,20109,15m,96.0039473684,imputed_from_pm25_budget_divided_by_pm25_factor,pm25_budget_and_factor,1.37671232877,permit_extracted_pm25_budget,deq_permit_74081,0.0143401637798,imputed_global_median_observed_pm25_lb_per_mwh,deq_emission_factors_observed_median,,1.37671232877,,4,True,True,https://www.deq.virginia.gov/news-info/shortcuts/permits/air/issued-air-permits-for-data-centers,"data/raw/deq/pdfs/74081-4_Amazon_Data_Services,_Inc._IAD-73_IAD-74_IAD-602_IAD-193_IAD-194.pdf",At least one headline value is imputed from global observed medians for smoke/central baseline coverage.,96.0039473684,-77.556347375398,38.779397944517,True,Exact,"7080 WELLINGTON RD, MANASSAS, VA, 20109",2717,area_pop_002717
VA_DEQ_74081_SITE_04,deq_va_deq_74081_site_04,deq_va_deq_74081_site_04_gensets,74081,"8300 Buckeye Timber Drive Manassas, VA 20109",8300 Buckeye Timber Drive,Manassas,20109,15m,96.0039473684,imputed_from_pm25_budget_divided_by_pm25_factor,pm25_budget_and_factor,1.37671232877,permit_extracted_pm25_budget,deq_permit_74081,0.0143401637798,imputed_global_median_observed_pm25_lb_per_mwh,deq_emission_factors_observed_median,,1.37671232877,,4,True,True,https://www.deq.virginia.gov/news-info/shortcuts/permits/air/issued-air-permits-for-data-centers,"data/raw/deq/pdfs/74081-4_Amazon_Data_Services,_Inc._IAD-73_IAD-74_IAD-602_IAD-193_IAD-194.pdf",At least one headline value is imputed from global observed medians for smoke/central baseline coverage.,96.0039473684,-77.555383895863,38.776662924409,True,Exact,"8300 BUCKEYE TIMBER DR, MANASSAS, VA, 20109",2717,area_pop_002717
VA_DEQ_74081_SITE_05,deq_va_deq_74081_site_05,deq_va_deq_74081_site_05_gensets,74081,"8400 Buckeye Timber Drive Manassas, VA 20109",8400 Buckeye Timber Drive,Manassas,20109,15m,96.0039473684,imputed_from_pm25_budget_divided_by_pm25_factor,pm25_budget_and_factor,1.37671232877,permit_extracted_pm25_budget,deq_permit_74081,0.0143401637798,imputed_global_median_observed_pm25_lb_per_mwh,deq_emission_factors_observed_median,,1.37671232877,,4,True,True,https://www.deq.virginia.gov/news-info/shortcuts/permits/air/issued-air-permits-for-data-centers,"data/raw/deq/pdfs/74081-4_Amazon_Data_Services,_Inc._IAD-73_IAD-74_IAD-602_IAD-193_IAD-194.pdf",At least one headline value is imputed from global observed medians for smoke/central baseline coverage.,96.0039473684,-77.556101723409,38.775808051198,True,Exact,"8400 BUCKEYE TIMBER DR, MANASSAS, VA, 20109",2717,area_pop_002717
VA_DEQ_74085_SITE_01,deq_va_deq_74085_site_01,deq_va_deq_74085_site_01_gensets,74085,"42949 Fadeley Lane Sterling, VA 20166",42949 Fadeley Lane,Sterling,20166,15m,56.6789473683,imputed_from_pm25_budget_divided_by_pm25_factor,pm25_budget_and_factor,0.812785388128,permit_extracted_pm25_budget,deq_permit_74085,0.0143401637798,imputed_global_median_observed_pm25_lb_per_mwh,deq_emission_factors_observed_median,,0.812785388128,,4,True,True,https://www.deq.virginia.gov/news-info/shortcuts/permits/air/issued-air-permits-for-data-centers,"data/raw/deq/pdfs/74085-5_Amazon_Data_Services,_Inc._IAD-62_68_81_83_93_609_614.pdf",At least one headline value is imputed from global observed medians for smoke/central baseline coverage.,56.6789473683,-77.4637354,38.971441,True,zip_centroid_approx,ZCTA centroid 20166,3528,area_pop_003528
VA_DEQ_74085_SITE_02,deq_va_deq_74085_site_02,deq_va_deq_74085_site_02_gensets,74085,"42948 Fadeley Lane Sterling, VA 20166",42948 Fadeley Lane,Sterling,20166,15m,56.6789473683,imputed_from_pm25_budget_divided_by_pm25_factor,pm25_budget_and_factor,0.812785388128,permit_extracted_pm25_budget,deq_permit_74085,0.0143401637798,imputed_global_median_observed_pm25_lb_per_mwh,deq_emission_factors_observed_median,,0.812785388128,,4,True,True,https://www.deq.virginia.gov/news-info/shortcuts/permits/air/issued-air-permits-for-data-centers,"data/raw/deq/pdfs/74085-5_Amazon_Data_Services,_Inc._IAD-62_68_81_83_93_609_614.pdf",At least one headline value is imputed from global observed medians for smoke/central baseline coverage.,56.6789473683,-77.4637354,38.971441,True,zip_centroid_approx,ZCTA centroid 20166,3528,area_pop_003528
VA_DEQ_74085_SITE_03,deq_va_deq_74085_site_03,deq_va_deq_74085_site_03_gensets,74085,"42800 Fadeley Lane Sterling, VA 20166",42800 Fadeley Lane,Sterling,20166,15m,56.6789473683,imputed_from_pm25_budget_divided_by_pm25_factor,pm25_budget_and_factor,0.812785388128,permit_extracted_pm25_budget,deq_permit_74085,0.0143401637798,imputed_global_median_observed_pm25_lb_per_mwh,deq_emission_factors_observed_median,,0.812785388128,,4,True,True,https://www.deq.virginia.gov/news-info/shortcuts/permits/air/issued-air-permits-for-data-centers,"data/raw/deq/pdfs/74085-5_Amazon_Data_Services,_Inc._IAD-62_68_81_83_93_609_614.pdf",At least one headline value is imputed from global observed medians for smoke/central baseline coverage.,56.6789473683,-77.4637354,38.971441,True,zip_centroid_approx,ZCTA centroid 20166,3528,area_pop_003528
VA_DEQ_74085_SITE_04,deq_va_deq_74085_site_04,deq_va_deq_74085_site_04_gensets,74085,"24178 Upper Woodside Lane Sterling, VA 20166",24178 Upper Woodside Lane,Sterling,20166,15m,56.6789473683,imputed_from_pm25_budget_divided_by_pm25_factor,pm25_budget_and_factor,0.812785388128,permit_extracted_pm25_budget,deq_permit_74085,0.0143401637798,imputed_global_median_observed_pm25_lb_per_mwh,deq_emission_factors_observed_median,,0.812785388128,,4,True,True,https://www.deq.virginia.gov/news-info/shortcuts/permits/air/issued-air-permits-for-data-centers,"data/raw/deq/pdfs/74085-5_Amazon_Data_Services,_Inc._IAD-62_68_81_83_93_609_614.pdf",At least one headline value is imputed from global observed medians for smoke/central baseline coverage.,56.6789473683,-77.4637354,38.971441,True,zip_centroid_approx,ZCTA centroid 20166,3528,area_pop_003528
VA_DEQ_74085_SITE_05,deq_va_deq_74085_site_05,deq_va_deq_74085_site_05_gensets,74085,"24185 Upper Woodside Lane Sterling, VA 20166",24185 Upper Woodside Lane,Sterling,20166,15m,56.6789473683,imputed_from_pm25_budget_divided_by_pm25_factor,pm25_budget_and_factor,0.812785388128,permit_extracted_pm25_budget,deq_permit_74085,0.0143401637798,imputed_global_median_observed_pm25_lb_per_mwh,deq_emission_factors_observed_median,,0.812785388128,,4,True,True,https://www.deq.virginia.gov/news-info/shortcuts/permits/air/issued-air-permits-for-data-centers,"data/raw/deq/pdfs/74085-5_Amazon_Data_Services,_Inc._IAD-62_68_81_83_93_609_614.pdf",At least one headline value is imputed from global observed medians for smoke/central baseline coverage.,56.6789473683,-77.4637354,38.971441,True,zip_centroid_approx,ZCTA centroid 20166,3528,area_pop_003528
VA_DEQ_74086_SITE_01,deq_va_deq_74086_site_01,deq_va_deq_74086_site_01_gensets,74086,21111 Ridgetop Circle Sterling VA 20166,21111 Ridgetop Circle,Sterling,20166,15m,17.9907894736,imputed_from_pm25_budget_divided_by_pm25_factor,pm25_budget_and_factor,0.25799086758,imputed_from_pm10_budget_conservative_upper_bound,deq_permit_74086,0.0143401637798,imputed_global_median_observed_pm25_lb_per_mwh,deq_emission_factors_observed_median,,,,4,True,True,https://www.deq.virginia.gov/news-info/shortcuts/permits/air/issued-air-permits-for-data-centers,data/raw/deq/pdfs/74086-3_CyrusOne_Loudoun_Tech_Center.pdf,At least one headline value is imputed from global observed medians for smoke/central baseline coverage.,17.9907894736,-77.413753504867,39.024672802064,True,Exact,"21111 RIDGETOP CIR, STERLING, VA, 20166",3678,area_pop_003678
VA_DEQ_74094_SITE_01,deq_va_deq_74094_site_01,deq_va_deq_74094_site_01_gensets,74094,44610 Guilford Drive Ashburn Virginia 20147,44610 Guilford Drive,Ashburn,20147,15m,51.4249999999,imputed_from_pm25_budget_divided_by_pm25_factor,pm25_budget_and_factor,0.737442922375,imputed_city_median_pm25_budget,city_median_pm25_budget,0.0143401637798,imputed_global_median_observed_pm25_lb_per_mwh,deq_emission_factors_observed_median,,,,4,True,True,https://www.deq.virginia.gov/news-info/shortcuts/permits/air/issued-air-permits-for-data-centers,"data/raw/deq/pdfs/74094-1_NTT_Global_Data_Centers_VA2,_LLC.pdf",At least one headline value is imputed from global observed medians for smoke/central baseline coverage.,51.4249999999,-77.457040237082,39.023384795325,True,Exact,"44610 GUILFORD DR, ASHBURN, VA, 20147",3676,area_pop_003676
VA_DEQ_74107_SITE_01,deq_va_deq_74107_site_01,deq_va_deq_74107_site_01_gensets,74107,"10880 Airman Avenue Manassas, VA 20110",10880 Airman Avenue,Manassas,20110,15m,19.1052631579,imputed_from_pm25_budget_divided_by_pm25_factor,pm25_budget_and_factor,0.27397260274,permit_extracted_pm25_budget,deq_permit_74107,0.0143401637798,imputed_global_median_observed_pm25_lb_per_mwh,deq_emission_factors_observed_median,,0.27397260274,,4,True,True,https://www.deq.virginia.gov/news-info/shortcuts/permits/air/issued-air-permits-for-data-centers,data/raw/deq/pdfs/74107-6_Cloud_HQ.pdf,At least one headline value is imputed from global observed medians for smoke/central baseline coverage.,19.1052631579,-77.4869993,38.7463583,True,zip_centroid_approx,ZCTA centroid 20110,2634,area_pop_002634
VA_DEQ_74107_SITE_02,deq_va_deq_74107_site_02,deq_va_deq_74107_site_02_gensets,74107,"10100 Harry J. Parrish Boulevard Manassas, VA 20110",10100 Harry J. Parrish Boulevard,Manassas,20110,15m,19.1052631579,imputed_from_pm25_budget_divided_by_pm25_factor,pm25_budget_and_factor,0.27397260274,permit_extracted_pm25_budget,deq_permit_74107,0.0143401637798,imputed_global_median_observed_pm25_lb_per_mwh,deq_emission_factors_observed_median,,0.27397260274,,4,True,True,https://www.deq.virginia.gov/news-info/shortcuts/permits/air/issued-air-permits-for-data-centers,data/raw/deq/pdfs/74107-6_Cloud_HQ.pdf,At least one headline value is imputed from global observed medians for smoke/central baseline coverage.,19.1052631579,-77.50190059017,38.724098420528,True,Exact,"10100 HARRY J PARRISH BLVD, MANASSAS, VA, 20110",2595,area_pop_002595
VA_DEQ_74107_SITE_03,deq_va_deq_74107_site_03,deq_va_deq_74107_site_03_gensets,74107,"10901 Airman Avenue Manassas, VA 20110",10901 Airman Avenue,Manassas,20110,15m,19.1052631579,imputed_from_pm25_budget_divided_by_pm25_factor,pm25_budget_and_factor,0.27397260274,permit_extracted_pm25_budget,deq_permit_74107,0.0143401637798,imputed_global_median_observed_pm25_lb_per_mwh,deq_emission_factors_observed_median,,0.27397260274,,4,True,True,https://www.deq.virginia.gov/news-info/shortcuts/permits/air/issued-air-permits-for-data-centers,data/raw/deq/pdfs/74107-6_Cloud_HQ.pdf,At least one headline value is imputed from global observed medians for smoke/central baseline coverage.,19.1052631579,-77.4869993,38.7463583,True,zip_centroid_approx,ZCTA centroid 20110,2634,area_pop_002634
VA_DEQ_74109_SITE_01,deq_va_deq_74109_site_01,deq_va_deq_74109_site_01_gensets,74109,511 Shaw Road Sterling VA 20166,511 Shaw Road,Sterling,20166,15m,57.1565789472,imputed_from_pm25_budget_divided_by_pm25_factor,pm25_budget_and_factor,0.819634703196,imputed_city_median_pm25_budget,city_median_pm25_budget,0.0143401637798,imputed_global_median_observed_pm25_lb_per_mwh,deq_emission_factors_observed_median,,,,4,True,True,https://www.deq.virginia.gov/news-info/shortcuts/permits/air/issued-air-permits-for-data-centers,data/raw/deq/pdfs/74109-2_CyrusOne_Northern_Virginia_Data_Center_-_Shaw_Road.pdf,At least one headline value is imputed from global observed medians for smoke/central baseline coverage.,57.1565789472,-77.4637354,38.971441,True,zip_centroid_approx,ZCTA centroid 20166,3528,area_pop_003528
VA_DEQ_74112_SITE_01,deq_va_deq_74112_site_01,deq_va_deq_74112_site_01_gensets,74112,"11680 Hayden Road Manassas, VA 20109",11680 Hayden Road,Manassas,20109,15m,9.71184210526,imputed_from_pm25_budget_divided_by_pm25_factor,pm25_budget_and_factor,0.139269406393,permit_extracted_pm25_budget,deq_permit_74112,0.0143401637798,imputed_global_median_observed_pm25_lb_per_mwh,deq_emission_factors_observed_median,,0.139269406393,,4,True,True,https://www.deq.virginia.gov/news-info/shortcuts/permits/air/issued-air-permits-for-data-centers,data/raw/deq/pdfs/74112-5_Iron_Mountain_Information_Management_LLC.pdf,At least one headline value is imputed from global observed medians for smoke/central baseline coverage.,9.71184210526,-77.542924596694,38.772750339621,True,Exact,"11680 HAYDEN RD, MANASSAS, VA, 20109",2718,area_pop_002718
VA_DEQ_74112_SITE_02,deq_va_deq_74112_site_02,deq_va_deq_74112_site_02_gensets,74112,"11660 Hayden Road Manassas, VA 20109",11660 Hayden Road,Manassas,20109,15m,9.71184210526,imputed_from_pm25_budget_divided_by_pm25_factor,pm25_budget_and_factor,0.139269406393,permit_extracted_pm25_budget,deq_permit_74112,0.0143401637798,imputed_global_median_observed_pm25_lb_per_mwh,deq_emission_factors_observed_median,,0.139269406393,,4,True,True,https://www.deq.virginia.gov/news-info/shortcuts/permits/air/issued-air-permits-for-data-centers,data/raw/deq/pdfs/74112-5_Iron_Mountain_Information_Management_LLC.pdf,At least one headline value is imputed from global observed medians for smoke/central baseline coverage.,9.71184210526,-77.543198427805,38.772932893733,True,Exact,"11660 HAYDEN RD, MANASSAS, VA, 20109",2718,area_pop_002718
VA_DEQ_74112_SITE_03,deq_va_deq_74112_site_03,deq_va_deq_74112_site_03_gensets,74112,"11640 Hayden Road Manassas, VA 20109",11640 Hayden Road,Manassas,20109,15m,9.71184210526,imputed_from_pm25_budget_divided_by_pm25_factor,pm25_budget_and_factor,0.139269406393,permit_extracted_pm25_budget,deq_permit_74112,0.0143401637798,imputed_global_median_observed_pm25_lb_per_mwh,deq_emission_factors_observed_median,,0.139269406393,,4,True,True,https://www.deq.virginia.gov/news-info/shortcuts/permits/air/issued-air-permits-for-data-centers,data/raw/deq/pdfs/74112-5_Iron_Mountain_Information_Management_LLC.pdf,At least one headline value is imputed from global observed medians for smoke/central baseline coverage.,9.71184210526,-77.543479946722,38.773111115844,True,Exact,"11640 HAYDEN RD, MANASSAS, VA, 20109",2718,area_pop_002718
VA_DEQ_74112_SITE_04,deq_va_deq_74112_site_04,deq_va_deq_74112_site_04_gensets,74112,"7745 Wellington Road Manassas, VA 20109",7745 Wellington Road,Manassas,20109,15m,9.71184210526,imputed_from_pm25_budget_divided_by_pm25_factor,pm25_budget_and_factor,0.139269406393,permit_extracted_pm25_budget,deq_permit_74112,0.0143401637798,imputed_global_median_observed_pm25_lb_per_mwh,deq_emission_factors_observed_median,,0.139269406393,,4,True,True,https://www.deq.virginia.gov/news-info/shortcuts/permits/air/issued-air-permits-for-data-centers,data/raw/deq/pdfs/74112-5_Iron_Mountain_Information_Management_LLC.pdf,At least one headline value is imputed from global observed medians for smoke/central baseline coverage.,9.71184210526,-77.54382729742,38.771756547198,True,Exact,"7745 WELLINGTON RD, MANASSAS, VA, 20109",2718,area_pop_002718
VA_DEQ_74112_SITE_05,deq_va_deq_74112_site_05,deq_va_deq_74112_site_05_gensets,74112,"8330 Bethlehem Road Manassas, VA 20109",8330 Bethlehem Road,Manassas,20109,15m,9.71184210526,imputed_from_pm25_budget_divided_by_pm25_factor,pm25_budget_and_factor,0.139269406393,permit_extracted_pm25_budget,deq_permit_74112,0.0143401637798,imputed_global_median_observed_pm25_lb_per_mwh,deq_emission_factors_observed_median,,0.139269406393,,4,True,True,https://www.deq.virginia.gov/news-info/shortcuts/permits/air/issued-air-permits-for-data-centers,data/raw/deq/pdfs/74112-5_Iron_Mountain_Information_Management_LLC.pdf,At least one headline value is imputed from global observed medians for smoke/central baseline coverage.,9.71184210526,-77.536937911506,38.775055057816,True,Exact,"8330 BETHLEHEM RD, MANASSAS, VA, 20109",2718,area_pop_002718
VA_DEQ_74112_SITE_07,deq_va_deq_74112_site_07,deq_va_deq_74112_site_07_gensets,74112,"11451 Hayden Rd Manassas, VA 20109",11451 Hayden Rd,Manassas,20109,15m,9.71184210526,imputed_from_pm25_budget_divided_by_pm25_factor,pm25_budget_and_factor,0.139269406393,permit_extracted_pm25_budget,deq_permit_74112,0.0143401637798,imputed_global_median_observed_pm25_lb_per_mwh,deq_emission_factors_observed_median,,0.139269406393,,4,True,True,https://www.deq.virginia.gov/news-info/shortcuts/permits/air/issued-air-permits-for-data-centers,data/raw/deq/pdfs/74112-5_Iron_Mountain_Information_Management_LLC.pdf,At least one headline value is imputed from global observed medians for smoke/central baseline coverage.,9.71184210526,-77.5310366,38.794739,True,zip_centroid_approx,ZCTA centroid 20109,2775,area_pop_002775
VA_DEQ_74114_SITE_01,deq_va_deq_74114_site_01,deq_va_deq_74114_site_01_gensets,74114,21350 Pacific Boulevard Sterling Virginia 20166,21350 Pacific Boulevard,Sterling,20166,15m,94.7302631574,imputed_from_pm25_budget_divided_by_pm25_factor,pm25_budget_and_factor,1.35844748858,permit_extracted_pm25_budget,deq_permit_74114,0.0143401637798,imputed_global_median_observed_pm25_lb_per_mwh,deq_emission_factors_observed_median,,1.35844748858,,4,True,True,https://www.deq.virginia.gov/news-info/shortcuts/permits/air/issued-air-permits-for-data-centers,data/raw/deq/pdfs/74114-3_CyrusOne_Kincora.pdf,At least one headline value is imputed from global observed medians for smoke/central baseline coverage.,94.7302631574,-77.436244069794,39.025978206227,True,Exact,"21350 PACIFIC BLVD, STERLING, VA, 20166",3677,area_pop_003677
VA_DEQ_74115_SITE_01,deq_va_deq_74115_site_01,deq_va_deq_74115_site_01_gensets,74115,"8180 Bethlehem Road Manassas, Virginia",8180 Bethlehem Road,Manassas,20109,15m,59.544736842,imputed_from_pm25_budget_divided_by_pm25_factor,pm25_budget_and_factor,0.853881278539,permit_extracted_pm25_budget,deq_permit_74115,0.0143401637798,imputed_global_median_observed_pm25_lb_per_mwh,deq_emission_factors_observed_median,,0.853881278539,,4,True,True,https://www.deq.virginia.gov/news-info/shortcuts/permits/air/issued-air-permits-for-data-centers,"data/raw/deq/pdfs/74115-4_Amazon_Data_Services,_Inc._IAD-75_IAD-85_IAD-95_IAD-96.pdf",At least one headline value is imputed from global observed medians for smoke/central baseline coverage.,59.544736842,-77.53655094484,38.77727007453,True,Exact,"8180 BETHLEHEM RD, MANASSAS, VA, 20109",2718,area_pop_002718
VA_DEQ_74115_SITE_02,deq_va_deq_74115_site_02,deq_va_deq_74115_site_02_gensets,74115,"8190 Bethlehem Road Manassas, Virginia",8190 Bethlehem Road,Manassas,20109,15m,59.544736842,imputed_from_pm25_budget_divided_by_pm25_factor,pm25_budget_and_factor,0.853881278539,permit_extracted_pm25_budget,deq_permit_74115,0.0143401637798,imputed_global_median_observed_pm25_lb_per_mwh,deq_emission_factors_observed_median,,0.853881278539,,4,True,True,https://www.deq.virginia.gov/news-info/shortcuts/permits/air/issued-air-permits-for-data-centers,"data/raw/deq/pdfs/74115-4_Amazon_Data_Services,_Inc._IAD-75_IAD-85_IAD-95_IAD-96.pdf",At least one headline value is imputed from global observed medians for smoke/central baseline coverage.,59.544736842,-77.536683386279,38.777009266782,True,Exact,"8190 BETHLEHEM RD, MANASSAS, VA, 20109",2718,area_pop_002718
VA_DEQ_74115_SITE_03,deq_va_deq_74115_site_03,deq_va_deq_74115_site_03_gensets,74115,"8200 Bethlehem Road Manassas, Virginia",8200 Bethlehem Road,Manassas,20109,15m,59.544736842,imputed_from_pm25_budget_divided_by_pm25_factor,pm25_budget_and_factor,0.853881278539,permit_extracted_pm25_budget,deq_permit_74115,0.0143401637798,imputed_global_median_observed_pm25_lb_per_mwh,deq_emission_factors_observed_median,,0.853881278539,,4,True,True,https://www.deq.virginia.gov/news-info/shortcuts/permits/air/issued-air-permits-for-data-centers,"data/raw/deq/pdfs/74115-4_Amazon_Data_Services,_Inc._IAD-75_IAD-85_IAD-95_IAD-96.pdf",At least one headline value is imputed from global observed medians for smoke/central baseline coverage.,59.544736842,-77.536843612078,38.776694379185,True,Exact,"8200 BETHLEHEM RD, MANASSAS, VA, 20109",2718,area_pop_002718
VA_DEQ_74115_SITE_04,deq_va_deq_74115_site_04,deq_va_deq_74115_site_04_gensets,74115,"8210 Bethlehem Road Manassas, Virginia",8210 Bethlehem Road,Manassas,20109,15m,59.544736842,imputed_from_pm25_budget_divided_by_pm25_factor,pm25_budget_and_factor,0.853881278539,permit_extracted_pm25_budget,deq_permit_74115,0.0143401637798,imputed_global_median_observed_pm25_lb_per_mwh,deq_emission_factors_observed_median,,0.853881278539,,4,True,True,https://www.deq.virginia.gov/news-info/shortcuts/permits/air/issued-air-permits-for-data-centers,"data/raw/deq/pdfs/74115-4_Amazon_Data_Services,_Inc._IAD-75_IAD-85_IAD-95_IAD-96.pdf",At least one headline value is imputed from global observed medians for smoke/central baseline coverage.,59.544736842,-77.536907736614,38.776569596307,True,Exact,"8210 BETHLEHEM RD, MANASSAS, VA, 20109",2718,area_pop_002718
VA_DEQ_74120_SITE_01,deq_va_deq_74120_site_01,deq_va_deq_74120_site_01_gensets,74120,"44245 Gigabit Plaza Ashburn, VA 20147",44245 Gigabit Plaza,Ashburn,20147,15m,11.3039473684,imputed_from_pm25_budget_divided_by_pm25_factor,pm25_budget_and_factor,0.162100456621,permit_extracted_pm25_budget,deq_permit_74120,0.0143401637798,imputed_global_median_observed_pm25_lb_per_mwh,deq_emission_factors_observed_median,,0.162100456621,,4,True,True,https://www.deq.virginia.gov/news-info/shortcuts/permits/air/issued-air-permits-for-data-centers,"data/raw/deq/pdfs/74120-7_NTT_Global_Data_Centers_Americas,_Inc..pdf",At least one headline value is imputed from global observed medians for smoke/central baseline coverage.,11.3039473684,-77.4795846,39.041507,True,zip_centroid_approx,ZCTA centroid 20147,3723,area_pop_003723
VA_DEQ_74120_SITE_02,deq_va_deq_74120_site_02,deq_va_deq_74120_site_02_gensets,74120,"44760 Gigabit Plaza Ashburn, VA 20147",44760 Gigabit Plaza,Ashburn,20147,15m,11.3039473684,imputed_from_pm25_budget_divided_by_pm25_factor,pm25_budget_and_factor,0.162100456621,permit_extracted_pm25_budget,deq_permit_74120,0.0143401637798,imputed_global_median_observed_pm25_lb_per_mwh,deq_emission_factors_observed_median,,0.162100456621,,4,True,True,https://www.deq.virginia.gov/news-info/shortcuts/permits/air/issued-air-permits-for-data-centers,"data/raw/deq/pdfs/74120-7_NTT_Global_Data_Centers_Americas,_Inc..pdf",At least one headline value is imputed from global observed medians for smoke/central baseline coverage.,11.3039473684,-77.4795846,39.041507,True,zip_centroid_approx,ZCTA centroid 20147,3723,area_pop_003723
VA_DEQ_74120_SITE_03,deq_va_deq_74120_site_03,deq_va_deq_74120_site_03_gensets,74120,"44761 Gigabit Plaza Ashburn, VA 20147",44761 Gigabit Plaza,Ashburn,20147,15m,11.3039473684,imputed_from_pm25_budget_divided_by_pm25_factor,pm25_budget_and_factor,0.162100456621,permit_extracted_pm25_budget,deq_permit_74120,0.0143401637798,imputed_global_median_observed_pm25_lb_per_mwh,deq_emission_factors_observed_median,,0.162100456621,,4,True,True,https://www.deq.virginia.gov/news-info/shortcuts/permits/air/issued-air-permits-for-data-centers,"data/raw/deq/pdfs/74120-7_NTT_Global_Data_Centers_Americas,_Inc..pdf",At least one headline value is imputed from global observed medians for smoke/central baseline coverage.,11.3039473684,-77.4795846,39.041507,True,zip_centroid_approx,ZCTA centroid 20147,3723,area_pop_003723
VA_DEQ_74120_SITE_04,deq_va_deq_74120_site_04,deq_va_deq_74120_site_04_gensets,74120,"44495 Gigabit Plaza Ashburn, VA 20147",44495 Gigabit Plaza,Ashburn,20147,15m,11.3039473684,imputed_from_pm25_budget_divided_by_pm25_factor,pm25_budget_and_factor,0.162100456621,permit_extracted_pm25_budget,deq_permit_74120,0.0143401637798,imputed_global_median_observed_pm25_lb_per_mwh,deq_emission_factors_observed_median,,0.162100456621,,4,True,True,https://www.deq.virginia.gov/news-info/shortcuts/permits/air/issued-air-permits-for-data-centers,"data/raw/deq/pdfs/74120-7_NTT_Global_Data_Centers_Americas,_Inc..pdf",At least one headline value is imputed from global observed medians for smoke/central baseline coverage.,11.3039473684,-77.4795846,39.041507,True,zip_centroid_approx,ZCTA centroid 20147,3723,area_pop_003723
VA_DEQ_74120_SITE_05,deq_va_deq_74120_site_05,deq_va_deq_74120_site_05_gensets,74120,"44395 Gigabit Plaza Ashburn, VA 20147",44395 Gigabit Plaza,Ashburn,20147,15m,11.3039473684,imputed_from_pm25_budget_divided_by_pm25_factor,pm25_budget_and_factor,0.162100456621,permit_extracted_pm25_budget,deq_permit_74120,0.0143401637798,imputed_global_median_observed_pm25_lb_per_mwh,deq_emission_factors_observed_median,,0.162100456621,,4,True,True,https://www.deq.virginia.gov/news-info/shortcuts/permits/air/issued-air-permits-for-data-centers,"data/raw/deq/pdfs/74120-7_NTT_Global_Data_Centers_Americas,_Inc..pdf",At least one headline value is imputed from global observed medians for smoke/central baseline coverage.,11.3039473684,-77.4795846,39.041507,True,zip_centroid_approx,ZCTA centroid 20147,3723,area_pop_003723
VA_DEQ_74121_SITE_01,deq_va_deq_74121_site_01,deq_va_deq_74121_site_01_gensets,74121,"45900 Pathfinder Way Sterling, VA 20164",45900 Pathfinder Way,Sterling,20164,15m,56.519736842,imputed_from_pm25_budget_divided_by_pm25_factor,pm25_budget_and_factor,0.810502283105,permit_extracted_pm25_budget,deq_permit_74121,0.0143401637798,imputed_global_median_observed_pm25_lb_per_mwh,deq_emission_factors_observed_median,,0.810502283105,,4,True,True,https://www.deq.virginia.gov/news-info/shortcuts/permits/air/issued-air-permits-for-data-centers,"data/raw/deq/pdfs/74121-2_Amazon_Data_Services,_Inc._IAD-90_IAD-91_IAD-92.pdf",At least one headline value is imputed from global observed medians for smoke/central baseline coverage.,56.519736842,-77.3958671,39.0124265,True,zip_centroid_approx,ZCTA centroid 20164,3679,area_pop_003679
VA_DEQ_74121_SITE_02,deq_va_deq_74121_site_02,deq_va_deq_74121_site_02_gensets,74121,"45930 Pathfinder Way Sterling, VA 20164",45930 Pathfinder Way,Sterling,20164,15m,56.519736842,imputed_from_pm25_budget_divided_by_pm25_factor,pm25_budget_and_factor,0.810502283105,permit_extracted_pm25_budget,deq_permit_74121,0.0143401637798,imputed_global_median_observed_pm25_lb_per_mwh,deq_emission_factors_observed_median,,0.810502283105,,4,True,True,https://www.deq.virginia.gov/news-info/shortcuts/permits/air/issued-air-permits-for-data-centers,"data/raw/deq/pdfs/74121-2_Amazon_Data_Services,_Inc._IAD-90_IAD-91_IAD-92.pdf",At least one headline value is imputed from global observed medians for smoke/central baseline coverage.,56.519736842,-77.3958671,39.0124265,True,zip_centroid_approx,ZCTA centroid 20164,3679,area_pop_003679
VA_DEQ_74121_SITE_03,deq_va_deq_74121_site_03,deq_va_deq_74121_site_03_gensets,74121,"45950 Pathfinder Way Sterling, VA 20164",45950 Pathfinder Way,Sterling,20164,15m,56.519736842,imputed_from_pm25_budget_divided_by_pm25_factor,pm25_budget_and_factor,0.810502283105,permit_extracted_pm25_budget,deq_permit_74121,0.0143401637798,imputed_global_median_observed_pm25_lb_per_mwh,deq_emission_factors_observed_median,,0.810502283105,,4,True,True,https://www.deq.virginia.gov/news-info/shortcuts/permits/air/issued-air-permits-for-data-centers,"data/raw/deq/pdfs/74121-2_Amazon_Data_Services,_Inc._IAD-90_IAD-91_IAD-92.pdf",At least one headline value is imputed from global observed medians for smoke/central baseline coverage.,56.519736842,-77.3958671,39.0124265,True,zip_centroid_approx,ZCTA centroid 20164,3679,area_pop_003679
VA_DEQ_74126_SITE_01,deq_va_deq_74126_site_01,deq_va_deq_74126_site_01_gensets,74126,"44274 Round Table Plaza Ashburn, Virginia 20147",44274 Round Table Plaza,Ashburn,20147,15m,11.1447368421,imputed_from_pm25_budget_divided_by_pm25_factor,pm25_budget_and_factor,0.159817351598,permit_extracted_pm25_budget,deq_permit_74126,0.0143401637798,imputed_global_median_observed_pm25_lb_per_mwh,deq_emission_factors_observed_median,,0.159817351598,,4,True,True,https://www.deq.virginia.gov/news-info/shortcuts/permits/air/issued-air-permits-for-data-centers,"data/raw/deq/pdfs/74126-4_Digital_Realty_(Digital_Loudoun_3_&_4,_LLC).pdf",At least one headline value is imputed from global observed medians for smoke/central baseline coverage.,11.1447368421,-77.4795846,39.041507,True,zip_centroid_approx,ZCTA centroid 20147,3723,area_pop_003723
VA_DEQ_74126_SITE_02,deq_va_deq_74126_site_02,deq_va_deq_74126_site_02_gensets,74126,"44372 Round Table Plaza Ashburn, Virginia 20147",44372 Round Table Plaza,Ashburn,20147,15m,11.1447368421,imputed_from_pm25_budget_divided_by_pm25_factor,pm25_budget_and_factor,0.159817351598,permit_extracted_pm25_budget,deq_permit_74126,0.0143401637798,imputed_global_median_observed_pm25_lb_per_mwh,deq_emission_factors_observed_median,,0.159817351598,,4,True,True,https://www.deq.virginia.gov/news-info/shortcuts/permits/air/issued-air-permits-for-data-centers,"data/raw/deq/pdfs/74126-4_Digital_Realty_(Digital_Loudoun_3_&_4,_LLC).pdf",At least one headline value is imputed from global observed medians for smoke/central baseline coverage.,11.1447368421,-77.4795846,39.041507,True,zip_centroid_approx,ZCTA centroid 20147,3723,area_pop_003723
VA_DEQ_74126_SITE_03,deq_va_deq_74126_site_03,deq_va_deq_74126_site_03_gensets,74126,"44751 Round Table Plaza Ashburn, Virginia 20147",44751 Round Table Plaza,Ashburn,20147,15m,11.1447368421,imputed_from_pm25_budget_divided_by_pm25_factor,pm25_budget_and_factor,0.159817351598,permit_extracted_pm25_budget,deq_permit_74126,0.0143401637798,imputed_global_median_observed_pm25_lb_per_mwh,deq_emission_factors_observed_median,,0.159817351598,,4,True,True,https://www.deq.virginia.gov/news-info/shortcuts/permits/air/issued-air-permits-for-data-centers,"data/raw/deq/pdfs/74126-4_Digital_Realty_(Digital_Loudoun_3_&_4,_LLC).pdf",At least one headline value is imputed from global observed medians for smoke/central baseline coverage.,11.1447368421,-77.4795846,39.041507,True,zip_centroid_approx,ZCTA centroid 20147,3723,area_pop_003723
VA_DEQ_74126_SITE_04,deq_va_deq_74126_site_04,deq_va_deq_74126_site_04_gensets,74126,"44540 Round Table Plaza Ashburn, Virginia 20147",44540 Round Table Plaza,Ashburn,20147,15m,11.1447368421,imputed_from_pm25_budget_divided_by_pm25_factor,pm25_budget_and_factor,0.159817351598,permit_extracted_pm25_budget,deq_permit_74126,0.0143401637798,imputed_global_median_observed_pm25_lb_per_mwh,deq_emission_factors_observed_median,,0.159817351598,,4,True,True,https://www.deq.virginia.gov/news-info/shortcuts/permits/air/issued-air-permits-for-data-centers,"data/raw/deq/pdfs/74126-4_Digital_Realty_(Digital_Loudoun_3_&_4,_LLC).pdf",At least one headline value is imputed from global observed medians for smoke/central baseline coverage.,11.1447368421,-77.4795846,39.041507,True,zip_centroid_approx,ZCTA centroid 20147,3723,area_pop_003723
VA_DEQ_74126_SITE_05,deq_va_deq_74126_site_05,deq_va_deq_74126_site_05_gensets,74126,"22125 Broderick Drive Sterling, Virginia 20166",22125 Broderick Drive,Sterling,20166,15m,11.1447368421,imputed_from_pm25_budget_divided_by_pm25_factor,pm25_budget_and_factor,0.159817351598,permit_extracted_pm25_budget,deq_permit_74126,0.0143401637798,imputed_global_median_observed_pm25_lb_per_mwh,deq_emission_factors_observed_median,,0.159817351598,,4,True,True,https://www.deq.virginia.gov/news-info/shortcuts/permits/air/issued-air-permits-for-data-centers,"data/raw/deq/pdfs/74126-4_Digital_Realty_(Digital_Loudoun_3_&_4,_LLC).pdf",At least one headline value is imputed from global observed medians for smoke/central baseline coverage.,11.1447368421,-77.449548627672,39.004236132855,True,Exact,"22125 BRODERICK DR, STERLING, VA, 20166",3606,area_pop_003606
VA_DEQ_74126_SITE_06,deq_va_deq_74126_site_06,deq_va_deq_74126_site_06_gensets,74126,"44820 Prentice Drive Sterling, Virginia 20166",44820 Prentice Drive,Sterling,20166,15m,11.1447368421,imputed_from_pm25_budget_divided_by_pm25_factor,pm25_budget_and_factor,0.159817351598,permit_extracted_pm25_budget,deq_permit_74126,0.0143401637798,imputed_global_median_observed_pm25_lb_per_mwh,deq_emission_factors_observed_median,,0.159817351598,,4,True,True,https://www.deq.virginia.gov/news-info/shortcuts/permits/air/issued-air-permits-for-data-centers,"data/raw/deq/pdfs/74126-4_Digital_Realty_(Digital_Loudoun_3_&_4,_LLC).pdf",At least one headline value is imputed from global observed medians for smoke/central baseline coverage.,11.1447368421,-77.452936264854,39.001226139574,True,Exact,"44820 PRENTICE DR, STERLING, VA, 20166",3606,area_pop_003606
VA_DEQ_74127_SITE_01,deq_va_deq_74127_site_01,deq_va_deq_74127_site_01_gensets,74127,6872 Watson Court Warrenton VA 20186,6872 Watson Court,Warrenton,20186,15m,26.747368421,imputed_from_pm25_budget_divided_by_pm25_factor,pm25_budget_and_factor,0.383561643836,permit_extracted_pm25_budget,deq_permit_74127,0.0143401637798,imputed_global_median_observed_pm25_lb_per_mwh,deq_emission_factors_observed_median,,0.383561643836,,4,True,True,https://www.deq.virginia.gov/news-info/shortcuts/permits/air/issued-air-permits-for-data-centers,data/raw/deq/pdfs/74127-3_Data_Center_Vint_Hill_LLC.pdf,At least one headline value is imputed from global observed medians for smoke/central baseline coverage.,26.747368421,-77.675029446064,38.746626654296,True,Non_Exact,"6872 WATSON CT, WARRENTON, VA, 20187",2659,area_pop_002659
VA_DEQ_74129_SITE_01,deq_va_deq_74129_site_01,deq_va_deq_74129_site_01_gensets,74129,"10321 Tanner Way Manassas, Virginia 20110",10321 Tanner Way,Manassas,20110,15m,54.1315789473,imputed_from_pm25_budget_divided_by_pm25_factor,pm25_budget_and_factor,0.776255707763,permit_extracted_pm25_budget,deq_permit_74129,0.0143401637798,imputed_global_median_observed_pm25_lb_per_mwh,deq_emission_factors_observed_median,,0.776255707763,,4,True,True,https://www.deq.virginia.gov/news-info/shortcuts/permits/air/issued-air-permits-for-data-centers,"data/raw/deq/pdfs/74129-3_Amazon_Data_Services,_Inc._IAD-100_IAD-101_IAD-102_IAD-103.pdf",At least one headline value is imputed from global observed medians for smoke/central baseline coverage.,54.1315789473,-77.4869993,38.7463583,True,zip_centroid_approx,ZCTA centroid 20110,2634,area_pop_002634
VA_DEQ_74129_SITE_02,deq_va_deq_74129_site_02,deq_va_deq_74129_site_02_gensets,74129,"10301 Tanner Way Manassas, Virginia 20110",10301 Tanner Way,Manassas,20110,15m,54.1315789473,imputed_from_pm25_budget_divided_by_pm25_factor,pm25_budget_and_factor,0.776255707763,permit_extracted_pm25_budget,deq_permit_74129,0.0143401637798,imputed_global_median_observed_pm25_lb_per_mwh,deq_emission_factors_observed_median,,0.776255707763,,4,True,True,https://www.deq.virginia.gov/news-info/shortcuts/permits/air/issued-air-permits-for-data-centers,"data/raw/deq/pdfs/74129-3_Amazon_Data_Services,_Inc._IAD-100_IAD-101_IAD-102_IAD-103.pdf",At least one headline value is imputed from global observed medians for smoke/central baseline coverage.,54.1315789473,-77.4869993,38.7463583,True,zip_centroid_approx,ZCTA centroid 20110,2634,area_pop_002634
VA_DEQ_74129_SITE_03,deq_va_deq_74129_site_03,deq_va_deq_74129_site_03_gensets,74129,"10281 Tanner Way Manassas, Virginia 20110",10281 Tanner Way,Manassas,20110,15m,54.1315789473,imputed_from_pm25_budget_divided_by_pm25_factor,pm25_budget_and_factor,0.776255707763,permit_extracted_pm25_budget,deq_permit_74129,0.0143401637798,imputed_global_median_observed_pm25_lb_per_mwh,deq_emission_factors_observed_median,,0.776255707763,,4,True,True,https://www.deq.virginia.gov/news-info/shortcuts/permits/air/issued-air-permits-for-data-centers,"data/raw/deq/pdfs/74129-3_Amazon_Data_Services,_Inc._IAD-100_IAD-101_IAD-102_IAD-103.pdf",At least one headline value is imputed from global observed medians for smoke/central baseline coverage.,54.1315789473,-77.4869993,38.7463583,True,zip_centroid_approx,ZCTA centroid 20110,2634,area_pop_002634
VA_DEQ_74129_SITE_04,deq_va_deq_74129_site_04,deq_va_deq_74129_site_04_gensets,74129,"10261 Tanner Way Manassas, Virginia 20110",10261 Tanner Way,Manassas,20110,15m,54.1315789473,imputed_from_pm25_budget_divided_by_pm25_factor,pm25_budget_and_factor,0.776255707763,permit_extracted_pm25_budget,deq_permit_74129,0.0143401637798,imputed_global_median_observed_pm25_lb_per_mwh,deq_emission_factors_observed_median,,0.776255707763,,4,True,True,https://www.deq.virginia.gov/news-info/shortcuts/permits/air/issued-air-permits-for-data-centers,"data/raw/deq/pdfs/74129-3_Amazon_Data_Services,_Inc._IAD-100_IAD-101_IAD-102_IAD-103.pdf",At least one headline value is imputed from global observed medians for smoke/central baseline coverage.,54.1315789473,-77.4869993,38.7463583,True,zip_centroid_approx,ZCTA centroid 20110,2634,area_pop_002634
VA_DEQ_74130_SITE_01,deq_va_deq_74130_site_01,deq_va_deq_74130_site_01_gensets,74130,12369 Sunrise Valley Drive Reston VA 20191,12369 Sunrise Valley Drive,Reston,20191,15m,9.07499999995,imputed_from_pm25_budget_divided_by_pm25_factor,pm25_budget_and_factor,0.130136986301,permit_extracted_pm25_budget,deq_permit_74130,0.0143401637798,imputed_global_median_observed_pm25_lb_per_mwh,deq_emission_factors_observed_median,,0.130136986301,,4,True,True,https://www.deq.virginia.gov/news-info/shortcuts/permits/air/issued-air-permits-for-data-centers,"data/raw/deq/pdfs/74130-2_CoreSite_Real_Estate_Sunrise_Technology_Park,_LLC.pdf",At least one headline value is imputed from global observed medians for smoke/central baseline coverage.,9.07499999995,-77.373259654768,38.950118011815,True,Exact,"12369 SUNRISE VALLEY DR, RESTON, VA, 20191",3445,area_pop_003445
VA_DEQ_74141_SITE_01,deq_va_deq_74141_site_01,deq_va_deq_74141_site_01_gensets,74141,"22271 Broderick Drive Sterling, VA 20164",22271 Broderick Drive,Sterling,20164,15m,0.159210526315,imputed_from_pm25_budget_divided_by_pm25_factor,pm25_budget_and_factor,0.00228310502283,permit_extracted_pm25_budget,deq_permit_74141,0.0143401637798,imputed_global_median_observed_pm25_lb_per_mwh,deq_emission_factors_observed_median,,0.00228310502283,,4,True,True,https://www.deq.virginia.gov/news-info/shortcuts/permits/air/issued-air-permits-for-data-centers,data/raw/deq/pdfs/74141-3_QTS_Investment_Properties_Ashburn_LLC.pdf,At least one headline value is imputed from global observed medians for smoke/central baseline coverage.,0.159210526315,-77.448516627291,39.000406452073,True,Non_Exact,"22271 BRODERICK DR, STERLING, VA, 20166",3606,area_pop_003606
VA_DEQ_74141_SITE_02,deq_va_deq_74141_site_02,deq_va_deq_74141_site_02_gensets,74141,"22280 Randolph Drive Sterling, VA 20164",22280 Randolph Drive,Sterling,20164,15m,0.159210526315,imputed_from_pm25_budget_divided_by_pm25_factor,pm25_budget_and_factor,0.00228310502283,permit_extracted_pm25_budget,deq_permit_74141,0.0143401637798,imputed_global_median_observed_pm25_lb_per_mwh,deq_emission_factors_observed_median,,0.00228310502283,,4,True,True,https://www.deq.virginia.gov/news-info/shortcuts/permits/air/issued-air-permits-for-data-centers,data/raw/deq/pdfs/74141-3_QTS_Investment_Properties_Ashburn_LLC.pdf,At least one headline value is imputed from global observed medians for smoke/central baseline coverage.,0.159210526315,-77.3958671,39.0124265,True,zip_centroid_approx,ZCTA centroid 20164,3679,area_pop_003679
VA_DEQ_74147_SITE_01,deq_va_deq_74147_site_01,deq_va_deq_74147_site_01_gensets,74147,21830 Uunet Way Ashburn Virginia 20147,21830 Uunet Way,Ashburn,20147,15m,51.4249999999,imputed_from_pm25_budget_divided_by_pm25_factor,pm25_budget_and_factor,0.737442922375,imputed_city_median_pm25_budget,city_median_pm25_budget,0.0143401637798,imputed_global_median_observed_pm25_lb_per_mwh,deq_emission_factors_observed_median,,,,4,True,True,https://www.deq.virginia.gov/news-info/shortcuts/permits/air/issued-air-permits-for-data-centers,data/raw/deq/pdfs/74147-1_Equinix_LLC_-_DC_13.pdf,At least one headline value is imputed from global observed medians for smoke/central baseline coverage.,51.4249999999,-77.47393877825,39.012378139814,True,Non_Exact,"21830 UUNET DR, ASHBURN, VA, 20147",3676,area_pop_003676
VA_DEQ_74150_SITE_01,deq_va_deq_74150_site_01,deq_va_deq_74150_site_01_gensets,74150,"20945 Loudoun County Parkway Ashburn, VA 20147",20945 Loudoun County Parkway,Ashburn,20147,15m,56.3605263156,imputed_from_pm25_budget_divided_by_pm25_factor,pm25_budget_and_factor,0.808219178082,permit_extracted_pm25_budget,deq_permit_74150,0.0143401637798,imputed_global_median_observed_pm25_lb_per_mwh,deq_emission_factors_observed_median,,0.808219178082,,4,True,True,https://www.deq.virginia.gov/news-info/shortcuts/permits/air/issued-air-permits-for-data-centers,"data/raw/deq/pdfs/74150-2_Amazon_Data_Services,_Inc._IAD-114_IAD-115.pdf",At least one headline value is imputed from global observed medians for smoke/central baseline coverage.,56.3605263156,-77.44887492925,39.036492685451,True,Exact,"20945 LOUDOUN COUNTY PKWY, ASHBURN, VA, 20147",3724,area_pop_003724
VA_DEQ_74150_SITE_02,deq_va_deq_74150_site_02,deq_va_deq_74150_site_02_gensets,74150,"20935 Loudoun County Parkway Ashburn, VA 20147",20935 Loudoun County Parkway,Ashburn,20147,15m,56.3605263156,imputed_from_pm25_budget_divided_by_pm25_factor,pm25_budget_and_factor,0.808219178082,permit_extracted_pm25_budget,deq_permit_74150,0.0143401637798,imputed_global_median_observed_pm25_lb_per_mwh,deq_emission_factors_observed_median,,0.808219178082,,4,True,True,https://www.deq.virginia.gov/news-info/shortcuts/permits/air/issued-air-permits-for-data-centers,"data/raw/deq/pdfs/74150-2_Amazon_Data_Services,_Inc._IAD-114_IAD-115.pdf",At least one headline value is imputed from global observed medians for smoke/central baseline coverage.,56.3605263156,-77.449261183706,39.03717888847,True,Exact,"20935 LOUDOUN COUNTY PKWY, ASHBURN, VA, 20147",3724,area_pop_003724
VA_DEQ_74152_SITE_01,deq_va_deq_74152_site_01,deq_va_deq_74152_site_01_gensets,74152,24400 Howling Rooster Ln Sterling VA 20166,24400 Howling Rooster Ln,Sterling,20166,15m,118.771052631,imputed_from_pm25_budget_divided_by_pm25_factor,pm25_budget_and_factor,1.70319634703,permit_extracted_pm25_budget,deq_permit_74152,0.0143401637798,imputed_global_median_observed_pm25_lb_per_mwh,deq_emission_factors_observed_median,,1.70319634703,,4,True,True,https://www.deq.virginia.gov/news-info/shortcuts/permits/air/issued-air-permits-for-data-centers,data/raw/deq/pdfs/74152-5_Wheeler_Data_Center.pdf,At least one headline value is imputed from global observed medians for smoke/central baseline coverage.,118.771052631,-77.4637354,38.971441,True,zip_centroid_approx,ZCTA centroid 20166,3528,area_pop_003528
VA_DEQ_74153_SITE_01,deq_va_deq_74153_site_01,deq_va_deq_74153_site_01_gensets,74153,"22945 International Drive Sterling, VA 20166",22945 International Drive,Sterling,20166,15m,67.0276315788,imputed_from_pm25_budget_divided_by_pm25_factor,pm25_budget_and_factor,0.961187214612,permit_extracted_pm25_budget,deq_permit_74153,0.0143401637798,imputed_global_median_observed_pm25_lb_per_mwh,deq_emission_factors_observed_median,,0.961187214612,,4,True,True,https://www.deq.virginia.gov/news-info/shortcuts/permits/air/issued-air-permits-for-data-centers,"data/raw/deq/pdfs/74153-3_Amazon_Data_Services,_Inc._IAD-144_IAD-145.pdf",At least one headline value is imputed from global observed medians for smoke/central baseline coverage.,67.0276315788,-77.425428330225,38.980419323352,True,Exact,"22945 INTERNATIONAL DR, STERLING, VA, 20166",3530,area_pop_003530
VA_DEQ_74153_SITE_02,deq_va_deq_74153_site_02,deq_va_deq_74153_site_02_gensets,74153,"22868 International Drive Sterling, VA 20166",22868 International Drive,Sterling,20166,15m,67.0276315788,imputed_from_pm25_budget_divided_by_pm25_factor,pm25_budget_and_factor,0.961187214612,permit_extracted_pm25_budget,deq_permit_74153,0.0143401637798,imputed_global_median_observed_pm25_lb_per_mwh,deq_emission_factors_observed_median,,0.961187214612,,4,True,True,https://www.deq.virginia.gov/news-info/shortcuts/permits/air/issued-air-permits-for-data-centers,"data/raw/deq/pdfs/74153-3_Amazon_Data_Services,_Inc._IAD-144_IAD-145.pdf",At least one headline value is imputed from global observed medians for smoke/central baseline coverage.,67.0276315788,-77.424496122357,38.98504296185,True,Exact,"22868 INTERNATIONAL DR, STERLING, VA, 20166",3530,area_pop_003530
VA_DEQ_74153_SITE_03,deq_va_deq_74153_site_03,deq_va_deq_74153_site_03_gensets,74153,"23005 International Drive Sterling, VA 20166",23005 International Drive,Sterling,20166,15m,67.0276315788,imputed_from_pm25_budget_divided_by_pm25_factor,pm25_budget_and_factor,0.961187214612,permit_extracted_pm25_budget,deq_permit_74153,0.0143401637798,imputed_global_median_observed_pm25_lb_per_mwh,deq_emission_factors_observed_median,,0.961187214612,,4,True,True,https://www.deq.virginia.gov/news-info/shortcuts/permits/air/issued-air-permits-for-data-centers,"data/raw/deq/pdfs/74153-3_Amazon_Data_Services,_Inc._IAD-144_IAD-145.pdf",At least one headline value is imputed from global observed medians for smoke/central baseline coverage.,67.0276315788,-77.4637354,38.971441,True,zip_centroid_approx,ZCTA centroid 20166,3528,area_pop_003528
VA_DEQ_74154_SITE_01,deq_va_deq_74154_site_01,deq_va_deq_74154_site_01_gensets,74154,7900 Telegraph Road Fort Belvoir VA 22060-5928,7900 Telegraph Road,Fort Belvoir,22060-5928,15m,28.6578947368,imputed_from_pm25_budget_divided_by_pm25_factor,pm25_budget_and_factor,0.41095890411,permit_extracted_pm25_budget,deq_permit_74154,0.0143401637798,imputed_global_median_observed_pm25_lb_per_mwh,deq_emission_factors_observed_median,,0.41095890411,,4,True,True,https://www.deq.virginia.gov/news-info/shortcuts/permits/air/issued-air-permits-for-data-centers,data/raw/deq/pdfs/74154-5_Aerospace_Data_Facility_-_East.pdf,At least one headline value is imputed from global observed medians for smoke/central baseline coverage.,28.6578947368,-77.1563497,38.7052338,True,zip_centroid_approx,ZCTA centroid 22060-5928,2566,area_pop_002566
VA_DEQ_74155_SITE_01,deq_va_deq_74155_site_01,deq_va_deq_74155_site_01_gensets,74155,"21955 Loudoun County Parkway Ashburn, VA 20147",21955 Loudoun County Parkway,Ashburn,20147,15m,45.6934210526,imputed_from_pm25_budget_divided_by_pm25_factor,pm25_budget_and_factor,0.655251141553,permit_extracted_pm25_budget,deq_permit_74155,0.0143401637798,imputed_global_median_observed_pm25_lb_per_mwh,deq_emission_factors_observed_median,,0.655251141553,,4,True,True,https://www.deq.virginia.gov/news-info/shortcuts/permits/air/issued-air-permits-for-data-centers,data/raw/deq/pdfs/74155-4_Iskander_(LC-1A)_Jamshid_(LC-1B)_Kaveh_(LC2)_Lohrasp_Ventures_(LC3).pdf,At least one headline value is imputed from global observed medians for smoke/central baseline coverage.,45.6934210526,-77.461684727468,39.008920214662,True,Exact,"21955 LOUDOUN COUNTY PKWY, ASHBURN, VA, 20147",3605,area_pop_003605
VA_DEQ_74155_SITE_02,deq_va_deq_74155_site_02,deq_va_deq_74155_site_02_gensets,74155,"21955 Loudoun County Parkway Ashburn, VA 20147",21955 Loudoun County Parkway,Ashburn,20147,15m,45.6934210526,imputed_from_pm25_budget_divided_by_pm25_factor,pm25_budget_and_factor,0.655251141553,permit_extracted_pm25_budget,deq_permit_74155,0.0143401637798,imputed_global_median_observed_pm25_lb_per_mwh,deq_emission_factors_observed_median,,0.655251141553,,4,True,True,https://www.deq.virginia.gov/news-info/shortcuts/permits/air/issued-air-permits-for-data-centers,data/raw/deq/pdfs/74155-4_Iskander_(LC-1A)_Jamshid_(LC-1B)_Kaveh_(LC2)_Lohrasp_Ventures_(LC3).pdf,At least one headline value is imputed from global observed medians for smoke/central baseline coverage.,45.6934210526,-77.461684727468,39.008920214662,True,Exact,"21955 LOUDOUN COUNTY PKWY, ASHBURN, VA, 20147",3605,area_pop_003605
VA_DEQ_74155_SITE_03,deq_va_deq_74155_site_03,deq_va_deq_74155_site_03_gensets,74155,"44621 Waxpool Road Ashburn, VA 20147",44621 Waxpool Road,Ashburn,20147,15m,45.6934210526,imputed_from_pm25_budget_divided_by_pm25_factor,pm25_budget_and_factor,0.655251141553,permit_extracted_pm25_budget,deq_permit_74155,0.0143401637798,imputed_global_median_observed_pm25_lb_per_mwh,deq_emission_factors_observed_median,,0.655251141553,,4,True,True,https://www.deq.virginia.gov/news-info/shortcuts/permits/air/issued-air-permits-for-data-centers,data/raw/deq/pdfs/74155-4_Iskander_(LC-1A)_Jamshid_(LC-1B)_Kaveh_(LC2)_Lohrasp_Ventures_(LC3).pdf,At least one headline value is imputed from global observed medians for smoke/central baseline coverage.,45.6934210526,-77.475251097716,39.013226875813,True,Exact,"44621 WAXPOOL RD, ASHBURN, VA, 20147",3676,area_pop_003676
VA_DEQ_74155_SITE_04,deq_va_deq_74155_site_04,deq_va_deq_74155_site_04_gensets,74155,"44631 Waxpool Road Ashburn, VA 20147",44631 Waxpool Road,Ashburn,20147,15m,45.6934210526,imputed_from_pm25_budget_divided_by_pm25_factor,pm25_budget_and_factor,0.655251141553,permit_extracted_pm25_budget,deq_permit_74155,0.0143401637798,imputed_global_median_observed_pm25_lb_per_mwh,deq_emission_factors_observed_median,,0.655251141553,,4,True,True,https://www.deq.virginia.gov/news-info/shortcuts/permits/air/issued-air-permits-for-data-centers,data/raw/deq/pdfs/74155-4_Iskander_(LC-1A)_Jamshid_(LC-1B)_Kaveh_(LC2)_Lohrasp_Ventures_(LC3).pdf,At least one headline value is imputed from global observed medians for smoke/central baseline coverage.,45.6934210526,-77.475172235505,39.013245821689,True,Exact,"44631 WAXPOOL RD, ASHBURN, VA, 20147",3676,area_pop_003676
VA_DEQ_74156_SITE_01,deq_va_deq_74156_site_01,deq_va_deq_74156_site_01_gensets,74156,22260 Cloud Plaza Sterling VA 20166,22260 Cloud Plaza,Sterling,20166,15m,57.1565789472,imputed_from_pm25_budget_divided_by_pm25_factor,pm25_budget_and_factor,0.819634703196,imputed_city_median_pm25_budget,city_median_pm25_budget,0.0143401637798,imputed_global_median_observed_pm25_lb_per_mwh,deq_emission_factors_observed_median,,,,4,True,True,https://www.deq.virginia.gov/news-info/shortcuts/permits/air/issued-air-permits-for-data-centers,data/raw/deq/pdfs/74156-1_Sentinel_Ashburn_Nexus.pdf,At least one headline value is imputed from global observed medians for smoke/central baseline coverage.,57.1565789472,-77.4637354,38.971441,True,zip_centroid_approx,ZCTA centroid 20166,3528,area_pop_003528
VA_DEQ_74160_SITE_01,deq_va_deq_74160_site_01,deq_va_deq_74160_site_01_gensets,74160,"42255 Thunderball Drive Leesburg, Virginia",42255 Thunderball Drive,Leesburg,20175,15m,116.70131579,imputed_from_pm25_budget_divided_by_pm25_factor,pm25_budget_and_factor,1.67351598174,permit_extracted_pm25_budget,deq_permit_74160,0.0143401637798,imputed_global_median_observed_pm25_lb_per_mwh,deq_emission_factors_observed_median,,1.67351598174,,4,True,True,https://www.deq.virginia.gov/news-info/shortcuts/permits/air/issued-air-permits-for-data-centers,data/raw/deq/pdfs/74160-3_Compass_IAD_Datacenter.pdf,At least one headline value is imputed from global observed medians for smoke/central baseline coverage.,116.70131579,-77.5994102,39.0640847,True,zip_centroid_approx,ZCTA centroid 20175,3767,area_pop_003767
VA_DEQ_74160_SITE_02,deq_va_deq_74160_site_02,deq_va_deq_74160_site_02_gensets,74160,"42254 Thunderball Drive Leesburg, Virginia",42254 Thunderball Drive,Leesburg,20175,15m,116.70131579,imputed_from_pm25_budget_divided_by_pm25_factor,pm25_budget_and_factor,1.67351598174,permit_extracted_pm25_budget,deq_permit_74160,0.0143401637798,imputed_global_median_observed_pm25_lb_per_mwh,deq_emission_factors_observed_median,,1.67351598174,,4,True,True,https://www.deq.virginia.gov/news-info/shortcuts/permits/air/issued-air-permits-for-data-centers,data/raw/deq/pdfs/74160-3_Compass_IAD_Datacenter.pdf,At least one headline value is imputed from global observed medians for smoke/central baseline coverage.,116.70131579,-77.5994102,39.0640847,True,zip_centroid_approx,ZCTA centroid 20175,3767,area_pop_003767
VA_DEQ_74160_SITE_03,deq_va_deq_74160_site_03,deq_va_deq_74160_site_03_gensets,74160,"42311 Thunderball Drive Leesburg, Virginia",42311 Thunderball Drive,Leesburg,20175,15m,116.70131579,imputed_from_pm25_budget_divided_by_pm25_factor,pm25_budget_and_factor,1.67351598174,permit_extracted_pm25_budget,deq_permit_74160,0.0143401637798,imputed_global_median_observed_pm25_lb_per_mwh,deq_emission_factors_observed_median,,1.67351598174,,4,True,True,https://www.deq.virginia.gov/news-info/shortcuts/permits/air/issued-air-permits-for-data-centers,data/raw/deq/pdfs/74160-3_Compass_IAD_Datacenter.pdf,At least one headline value is imputed from global observed medians for smoke/central baseline coverage.,116.70131579,-77.5994102,39.0640847,True,zip_centroid_approx,ZCTA centroid 20175,3767,area_pop_003767
VA_DEQ_74160_SITE_04,deq_va_deq_74160_site_04,deq_va_deq_74160_site_04_gensets,74160,"42310 Thunderball Drive Leesburg, Virginia",42310 Thunderball Drive,Leesburg,20175,15m,116.70131579,imputed_from_pm25_budget_divided_by_pm25_factor,pm25_budget_and_factor,1.67351598174,permit_extracted_pm25_budget,deq_permit_74160,0.0143401637798,imputed_global_median_observed_pm25_lb_per_mwh,deq_emission_factors_observed_median,,1.67351598174,,4,True,True,https://www.deq.virginia.gov/news-info/shortcuts/permits/air/issued-air-permits-for-data-centers,data/raw/deq/pdfs/74160-3_Compass_IAD_Datacenter.pdf,At least one headline value is imputed from global observed medians for smoke/central baseline coverage.,116.70131579,-77.5994102,39.0640847,True,zip_centroid_approx,ZCTA centroid 20175,3767,area_pop_003767
VA_DEQ_74161_SITE_01,deq_va_deq_74161_site_01,deq_va_deq_74161_site_01_gensets,74161,"9400 Godwin Drive Manassas, VA 20110",9400 Godwin Drive,Manassas,20110,15m,91.0684210525,imputed_from_pm25_budget_divided_by_pm25_factor,pm25_budget_and_factor,1.30593607306,permit_extracted_pm25_budget,deq_permit_74161,0.0143401637798,imputed_global_median_observed_pm25_lb_per_mwh,deq_emission_factors_observed_median,,1.30593607306,,4,True,True,https://www.deq.virginia.gov/news-info/shortcuts/permits/air/issued-air-permits-for-data-centers,data/raw/deq/pdfs/74161-5_QTS_Investment_Properties_Manassas_LLC.pdf,At least one headline value is imputed from global observed medians for smoke/central baseline coverage.,91.0684210525,-77.4869993,38.7463583,True,zip_centroid_approx,ZCTA centroid 20110,2634,area_pop_002634
VA_DEQ_74161_SITE_02,deq_va_deq_74161_site_02,deq_va_deq_74161_site_02_gensets,74161,"9420 Godwin Drive Manassas, VA 20110",9420 Godwin Drive,Manassas,20110,15m,91.0684210525,imputed_from_pm25_budget_divided_by_pm25_factor,pm25_budget_and_factor,1.30593607306,permit_extracted_pm25_budget,deq_permit_74161,0.0143401637798,imputed_global_median_observed_pm25_lb_per_mwh,deq_emission_factors_observed_median,,1.30593607306,,4,True,True,https://www.deq.virginia.gov/news-info/shortcuts/permits/air/issued-air-permits-for-data-centers,data/raw/deq/pdfs/74161-5_QTS_Investment_Properties_Manassas_LLC.pdf,At least one headline value is imputed from global observed medians for smoke/central baseline coverage.,91.0684210525,-77.4869993,38.7463583,True,zip_centroid_approx,ZCTA centroid 20110,2634,area_pop_002634
VA_DEQ_74161_SITE_03,deq_va_deq_74161_site_03,deq_va_deq_74161_site_03_gensets,74161,"9450 Godwin Drive Manassas, VA 20110",9450 Godwin Drive,Manassas,20110,15m,91.0684210525,imputed_from_pm25_budget_divided_by_pm25_factor,pm25_budget_and_factor,1.30593607306,permit_extracted_pm25_budget,deq_permit_74161,0.0143401637798,imputed_global_median_observed_pm25_lb_per_mwh,deq_emission_factors_observed_median,,1.30593607306,,4,True,True,https://www.deq.virginia.gov/news-info/shortcuts/permits/air/issued-air-permits-for-data-centers,data/raw/deq/pdfs/74161-5_QTS_Investment_Properties_Manassas_LLC.pdf,At least one headline value is imputed from global observed medians for smoke/central baseline coverage.,91.0684210525,-77.4869993,38.7463583,True,zip_centroid_approx,ZCTA centroid 20110,2634,area_pop_002634
VA_DEQ_74161_SITE_04,deq_va_deq_74161_site_04,deq_va_deq_74161_site_04_gensets,74161,"9540 Godwin Drive Manassas, VA 20110",9540 Godwin Drive,Manassas,20110,15m,91.0684210525,imputed_from_pm25_budget_divided_by_pm25_factor,pm25_budget_and_factor,1.30593607306,permit_extracted_pm25_budget,deq_permit_74161,0.0143401637798,imputed_global_median_observed_pm25_lb_per_mwh,deq_emission_factors_observed_median,,1.30593607306,,4,True,True,https://www.deq.virginia.gov/news-info/shortcuts/permits/air/issued-air-permits-for-data-centers,data/raw/deq/pdfs/74161-5_QTS_Investment_Properties_Manassas_LLC.pdf,At least one headline value is imputed from global observed medians for smoke/central baseline coverage.,91.0684210525,-77.513069547502,38.746781582729,True,Exact,"9540 GODWIN DR, MANASSAS, VA, 20110",2633,area_pop_002633
VA_DEQ_74161_SITE_05,deq_va_deq_74161_site_05,deq_va_deq_74161_site_05_gensets,74161,"10680 University Blvd Manassas, VA 20110",10680 University Blvd,Manassas,20110,15m,91.0684210525,imputed_from_pm25_budget_divided_by_pm25_factor,pm25_budget_and_factor,1.30593607306,permit_extracted_pm25_budget,deq_permit_74161,0.0143401637798,imputed_global_median_observed_pm25_lb_per_mwh,deq_emission_factors_observed_median,,1.30593607306,,4,True,True,https://www.deq.virginia.gov/news-info/shortcuts/permits/air/issued-air-permits-for-data-centers,data/raw/deq/pdfs/74161-5_QTS_Investment_Properties_Manassas_LLC.pdf,At least one headline value is imputed from global observed medians for smoke/central baseline coverage.,91.0684210525,-77.51724281721,38.751944906944,True,Exact,"10680 UNIVERSITY BLVD, MANASSAS, VA, 20110",2675,area_pop_002675
VA_DEQ_74161_SITE_06,deq_va_deq_74161_site_06,deq_va_deq_74161_site_06_gensets,74161,"9301 Freedom Center Blvd Manassas, VA 20110",9301 Freedom Center Blvd,Manassas,20110,15m,91.0684210525,imputed_from_pm25_budget_divided_by_pm25_factor,pm25_budget_and_factor,1.30593607306,permit_extracted_pm25_budget,deq_permit_74161,0.0143401637798,imputed_global_median_observed_pm25_lb_per_mwh,deq_emission_factors_observed_median,,1.30593607306,,4,True,True,https://www.deq.virginia.gov/news-info/shortcuts/permits/air/issued-air-permits-for-data-centers,data/raw/deq/pdfs/74161-5_QTS_Investment_Properties_Manassas_LLC.pdf,At least one headline value is imputed from global observed medians for smoke/central baseline coverage.,91.0684210525,-77.519172027148,38.756659810983,True,Exact,"9301 FREEDOM CENTER BLVD, MANASSAS, VA, 20110",2675,area_pop_002675
VA_DEQ_74162_SITE_01,deq_va_deq_74162_site_01,deq_va_deq_74162_site_01_gensets,74162,45194 Vantage Data Plaza Sterling VA 20166,45194 Vantage Data Plaza,Sterling,20166,15m,60.4999999999,imputed_from_pm25_budget_divided_by_pm25_factor,pm25_budget_and_factor,0.867579908676,permit_extracted_pm25_budget,deq_permit_74162,0.0143401637798,imputed_global_median_observed_pm25_lb_per_mwh,deq_emission_factors_observed_median,,0.867579908676,,4,True,True,https://www.deq.virginia.gov/news-info/shortcuts/permits/air/issued-air-permits-for-data-centers,"data/raw/deq/pdfs/74162-5_Vantage_Data_Centers_VA11,_VA12,_VA13,_VA14,_&_VA15.pdf",At least one headline value is imputed from global observed medians for smoke/central baseline coverage.,60.4999999999,-77.4637354,38.971441,True,zip_centroid_approx,ZCTA centroid 20166,3528,area_pop_003528
VA_DEQ_74163_SITE_01,deq_va_deq_74163_site_01,deq_va_deq_74163_site_01_gensets,74163,20491 Goose Landing Lane Leesburg VA 20175,20491 Goose Landing Lane,Leesburg,20175,15m,60.4999999999,imputed_from_pm25_budget_divided_by_pm25_factor,pm25_budget_and_factor,0.867579908676,permit_extracted_pm25_budget,deq_permit_74163,0.0143401637798,imputed_global_median_observed_pm25_lb_per_mwh,deq_emission_factors_observed_median,,0.867579908676,,4,True,True,https://www.deq.virginia.gov/news-info/shortcuts/permits/air/issued-air-permits-for-data-centers,"data/raw/deq/pdfs/74163-9_Hayden_Technologies,_LLC.pdf",At least one headline value is imputed from global observed medians for smoke/central baseline coverage.,60.4999999999,-77.5994102,39.0640847,True,zip_centroid_approx,ZCTA centroid 20175,3767,area_pop_003767
VA_DEQ_74164_SITE_01,deq_va_deq_74164_site_01,deq_va_deq_74164_site_01_gensets,74164,45905 Maries Road Sterling Virginia 20166,45905 Maries Road,Sterling,20166,15m,6.04999999999,imputed_from_pm25_budget_divided_by_pm25_factor,pm25_budget_and_factor,0.0867579908676,permit_extracted_pm25_budget,deq_permit_74164,0.0143401637798,imputed_global_median_observed_pm25_lb_per_mwh,deq_emission_factors_observed_median,,0.0867579908676,,4,True,True,https://www.deq.virginia.gov/news-info/shortcuts/permits/air/issued-air-permits-for-data-centers,data/raw/deq/pdfs/74164-3_CyrusOne_Northern_Virginia_Data_Center_-_Maries_Road.pdf,At least one headline value is imputed from global observed medians for smoke/central baseline coverage.,6.04999999999,-77.41193752371,39.022090498149,True,Exact,"45905 MARIES RD, STERLING, VA, 20166",3678,area_pop_003678
VA_DEQ_74167_SITE_01,deq_va_deq_74167_site_01,deq_va_deq_74167_site_01_gensets,74167,"9740 Hornbaker Rd Manassas, VA 20109",9740 Hornbaker Rd,Manassas,20109,15m,58.9078947367,imputed_from_pm25_budget_divided_by_pm25_factor,pm25_budget_and_factor,0.844748858447,permit_extracted_pm25_budget,deq_permit_74167,0.0143401637798,imputed_global_median_observed_pm25_lb_per_mwh,deq_emission_factors_observed_median,,0.844748858447,,4,True,True,https://www.deq.virginia.gov/news-info/shortcuts/permits/air/issued-air-permits-for-data-centers,"data/raw/deq/pdfs/74167-5_Amazon_Data_Services,_Inc._IAD-132_IAD-133.pdf",At least one headline value is imputed from global observed medians for smoke/central baseline coverage.,58.9078947367,-77.535861702135,38.749388266572,True,Exact,"9740 HORNBAKER RD, MANASSAS, VA, 20109",2632,area_pop_002632
VA_DEQ_74167_SITE_02,deq_va_deq_74167_site_02,deq_va_deq_74167_site_02_gensets,74167,"9750 Hornbaker Rd Manassas, VA 20109",9750 Hornbaker Rd,Manassas,20109,15m,58.9078947367,imputed_from_pm25_budget_divided_by_pm25_factor,pm25_budget_and_factor,0.844748858447,permit_extracted_pm25_budget,deq_permit_74167,0.0143401637798,imputed_global_median_observed_pm25_lb_per_mwh,deq_emission_factors_observed_median,,0.844748858447,,4,True,True,https://www.deq.virginia.gov/news-info/shortcuts/permits/air/issued-air-permits-for-data-centers,"data/raw/deq/pdfs/74167-5_Amazon_Data_Services,_Inc._IAD-132_IAD-133.pdf",At least one headline value is imputed from global observed medians for smoke/central baseline coverage.,58.9078947367,-77.535861391884,38.749359723315,True,Exact,"9750 HORNBAKER RD, MANASSAS, VA, 20109",2632,area_pop_002632
VA_DEQ_74167_SITE_03,deq_va_deq_74167_site_03,deq_va_deq_74167_site_03_gensets,74167,"11200 Thomasson Barn Rd Manassas, VA 20109",11200 Thomasson Barn Rd,Manassas,20109,15m,58.9078947367,imputed_from_pm25_budget_divided_by_pm25_factor,pm25_budget_and_factor,0.844748858447,permit_extracted_pm25_budget,deq_permit_74167,0.0143401637798,imputed_global_median_observed_pm25_lb_per_mwh,deq_emission_factors_observed_median,,0.844748858447,,4,True,True,https://www.deq.virginia.gov/news-info/shortcuts/permits/air/issued-air-permits-for-data-centers,"data/raw/deq/pdfs/74167-5_Amazon_Data_Services,_Inc._IAD-132_IAD-133.pdf",At least one headline value is imputed from global observed medians for smoke/central baseline coverage.,58.9078947367,-77.5310366,38.794739,True,zip_centroid_approx,ZCTA centroid 20109,2775,area_pop_002775
VA_DEQ_74167_SITE_04,deq_va_deq_74167_site_04,deq_va_deq_74167_site_04_gensets,74167,"12250 Thomasson Barn Rd Manassas, VA 20109",12250 Thomasson Barn Rd,Manassas,20109,15m,58.9078947367,imputed_from_pm25_budget_divided_by_pm25_factor,pm25_budget_and_factor,0.844748858447,permit_extracted_pm25_budget,deq_permit_74167,0.0143401637798,imputed_global_median_observed_pm25_lb_per_mwh,deq_emission_factors_observed_median,,0.844748858447,,4,True,True,https://www.deq.virginia.gov/news-info/shortcuts/permits/air/issued-air-permits-for-data-centers,"data/raw/deq/pdfs/74167-5_Amazon_Data_Services,_Inc._IAD-132_IAD-133.pdf",At least one headline value is imputed from global observed medians for smoke/central baseline coverage.,58.9078947367,-77.5310366,38.794739,True,zip_centroid_approx,ZCTA centroid 20109,2775,area_pop_002775
VA_DEQ_74167_SITE_05,deq_va_deq_74167_site_05,deq_va_deq_74167_site_05_gensets,74167,"9730 Hornbaker Rd Manassas, VA 20109",9730 Hornbaker Rd,Manassas,20109,15m,58.9078947367,imputed_from_pm25_budget_divided_by_pm25_factor,pm25_budget_and_factor,0.844748858447,permit_extracted_pm25_budget,deq_permit_74167,0.0143401637798,imputed_global_median_observed_pm25_lb_per_mwh,deq_emission_factors_observed_median,,0.844748858447,,4,True,True,https://www.deq.virginia.gov/news-info/shortcuts/permits/air/issued-air-permits-for-data-centers,"data/raw/deq/pdfs/74167-5_Amazon_Data_Services,_Inc._IAD-132_IAD-133.pdf",At least one headline value is imputed from global observed medians for smoke/central baseline coverage.,58.9078947367,-77.535862012386,38.749416809829,True,Exact,"9730 HORNBAKER RD, MANASSAS, VA, 20109",2632,area_pop_002632
VA_DEQ_74169_SITE_01,deq_va_deq_74169_site_01,deq_va_deq_74169_site_01_gensets,74169,"21890 UUNET Drive Ashburn, Virginia 20147",21890 UUNET Drive,Ashburn,20147,15m,50.3105263157,imputed_from_pm25_budget_divided_by_pm25_factor,pm25_budget_and_factor,0.721461187215,permit_extracted_pm25_budget,deq_permit_74169,0.0143401637798,imputed_global_median_observed_pm25_lb_per_mwh,deq_emission_factors_observed_median,,0.721461187215,,4,True,True,https://www.deq.virginia.gov/news-info/shortcuts/permits/air/issued-air-permits-for-data-centers,"data/raw/deq/pdfs/74169-2_Aligned_Energy_Data_Centers_(Ashburn),_LLC.pdf",At least one headline value is imputed from global observed medians for smoke/central baseline coverage.,50.3105263157,-77.469201412907,39.01361781751,True,Exact,"21890 UUNET DR, ASHBURN, VA, 20147",3676,area_pop_003676
VA_DEQ_74169_SITE_02,deq_va_deq_74169_site_02,deq_va_deq_74169_site_02_gensets,74169,"21821 UUNET Drive Ashburn, Virginia 20147",21821 UUNET Drive,Ashburn,20147,15m,50.3105263157,imputed_from_pm25_budget_divided_by_pm25_factor,pm25_budget_and_factor,0.721461187215,permit_extracted_pm25_budget,deq_permit_74169,0.0143401637798,imputed_global_median_observed_pm25_lb_per_mwh,deq_emission_factors_observed_median,,0.721461187215,,4,True,True,https://www.deq.virginia.gov/news-info/shortcuts/permits/air/issued-air-permits-for-data-centers,"data/raw/deq/pdfs/74169-2_Aligned_Energy_Data_Centers_(Ashburn),_LLC.pdf",At least one headline value is imputed from global observed medians for smoke/central baseline coverage.,50.3105263157,-77.47546649273,39.011858390515,True,Exact,"21821 UUNET DR, ASHBURN, VA, 20147",3676,area_pop_003676
VA_DEQ_74170_SITE_01,deq_va_deq_74170_site_01,deq_va_deq_74170_site_01_gensets,74170,"45771 Maries Road Sterling, VA 20166",45771 Maries Road,Sterling,20166,15m,76.8986842105,imputed_from_pm25_budget_divided_by_pm25_factor,pm25_budget_and_factor,1.10273972603,permit_extracted_pm25_budget,deq_permit_74170,0.0143401637798,imputed_global_median_observed_pm25_lb_per_mwh,deq_emission_factors_observed_median,,1.10273972603,,4,True,True,https://www.deq.virginia.gov/news-info/shortcuts/permits/air/issued-air-permits-for-data-centers,"data/raw/deq/pdfs/74170-3_Amazon_Data_Services,_Inc._IAD-116_IAD-117.pdf",At least one headline value is imputed from global observed medians for smoke/central baseline coverage.,76.8986842105,-77.41393703345,39.02275170371,True,Exact,"45771 MARIES RD, STERLING, VA, 20166",3678,area_pop_003678
VA_DEQ_74170_SITE_02,deq_va_deq_74170_site_02,deq_va_deq_74170_site_02_gensets,74170,"45761 Maries Road Sterling, VA 20166",45761 Maries Road,Sterling,20166,15m,76.8986842105,imputed_from_pm25_budget_divided_by_pm25_factor,pm25_budget_and_factor,1.10273972603,permit_extracted_pm25_budget,deq_permit_74170,0.0143401637798,imputed_global_median_observed_pm25_lb_per_mwh,deq_emission_factors_observed_median,,1.10273972603,,4,True,True,https://www.deq.virginia.gov/news-info/shortcuts/permits/air/issued-air-permits-for-data-centers,"data/raw/deq/pdfs/74170-3_Amazon_Data_Services,_Inc._IAD-116_IAD-117.pdf",At least one headline value is imputed from global observed medians for smoke/central baseline coverage.,76.8986842105,-77.414089681611,39.022796131171,True,Exact,"45761 MARIES RD, STERLING, VA, 20166",3678,area_pop_003678
VA_DEQ_74170_SITE_03,deq_va_deq_74170_site_03,deq_va_deq_74170_site_03_gensets,74170,"45781 Maries Road Sterling, VA 20166",45781 Maries Road,Sterling,20166,15m,76.8986842105,imputed_from_pm25_budget_divided_by_pm25_factor,pm25_budget_and_factor,1.10273972603,permit_extracted_pm25_budget,deq_permit_74170,0.0143401637798,imputed_global_median_observed_pm25_lb_per_mwh,deq_emission_factors_observed_median,,1.10273972603,,4,True,True,https://www.deq.virginia.gov/news-info/shortcuts/permits/air/issued-air-permits-for-data-centers,"data/raw/deq/pdfs/74170-3_Amazon_Data_Services,_Inc._IAD-116_IAD-117.pdf",At least one headline value is imputed from global observed medians for smoke/central baseline coverage.,76.8986842105,-77.413784385289,39.022707276248,True,Exact,"45781 MARIES RD, STERLING, VA, 20166",3678,area_pop_003678
VA_DEQ_74171_SITE_01,deq_va_deq_74171_site_01,deq_va_deq_74171_site_01_gensets,74171,"9040 Freedom Center Blvd Manassas, Virginia 20110",9040 Freedom Center Blvd,Manassas,20110,15m,69.5749999998,imputed_from_pm25_budget_divided_by_pm25_factor,pm25_budget_and_factor,0.997716894977,permit_extracted_pm25_budget,deq_permit_74171,0.0143401637798,imputed_global_median_observed_pm25_lb_per_mwh,deq_emission_factors_observed_median,,0.997716894977,,4,True,True,https://www.deq.virginia.gov/news-info/shortcuts/permits/air/issued-air-permits-for-data-centers,"data/raw/deq/pdfs/74171-4_Amazon_Data_Services_(IAD-130,_IAD-131,_IAD-313_and_DCA-072).pdf",At least one headline value is imputed from global observed medians for smoke/central baseline coverage.,69.5749999998,-77.517340031049,38.759605480796,True,Exact,"9040 FREEDOM CENTER BLVD, MANASSAS, VA, 20110",2675,area_pop_002675
VA_DEQ_74171_SITE_02,deq_va_deq_74171_site_02,deq_va_deq_74171_site_02_gensets,74171,"9020 Freedom Center Blvd Manassas, Virginia 20110",9020 Freedom Center Blvd,Manassas,20110,15m,69.5749999998,imputed_from_pm25_budget_divided_by_pm25_factor,pm25_budget_and_factor,0.997716894977,permit_extracted_pm25_budget,deq_permit_74171,0.0143401637798,imputed_global_median_observed_pm25_lb_per_mwh,deq_emission_factors_observed_median,,0.997716894977,,4,True,True,https://www.deq.virginia.gov/news-info/shortcuts/permits/air/issued-air-permits-for-data-centers,"data/raw/deq/pdfs/74171-4_Amazon_Data_Services_(IAD-130,_IAD-131,_IAD-313_and_DCA-072).pdf",At least one headline value is imputed from global observed medians for smoke/central baseline coverage.,69.5749999998,-77.517191933194,38.75982587364,True,Exact,"9020 FREEDOM CENTER BLVD, MANASSAS, VA, 20110",2675,area_pop_002675
VA_DEQ_74172_SITE_01,deq_va_deq_74172_site_01,deq_va_deq_74172_site_01_gensets,74172,12270 Lucky Hill Rd Remington VA 22734,12270 Lucky Hill Rd,Remington,22734,15m,76.4210526315,imputed_from_pm25_budget_divided_by_pm25_factor,pm25_budget_and_factor,1.09589041096,permit_extracted_pm25_budget,deq_permit_74172,0.0143401637798,imputed_global_median_observed_pm25_lb_per_mwh,deq_emission_factors_observed_median,,1.09589041096,,4,True,True,https://www.deq.virginia.gov/news-info/shortcuts/permits/air/issued-air-permits-for-data-centers,data/raw/deq/pdfs/74172-3_Remington_Technology_Park_Limited_Partnership.pdf,At least one headline value is imputed from global observed medians for smoke/central baseline coverage.,76.4210526315,-77.8111331,38.5275401,True,zip_centroid_approx,ZCTA centroid 22734,2360,area_pop_002360
VA_DEQ_74173_SITE_01,deq_va_deq_74173_site_01,deq_va_deq_74173_site_01_gensets,74173,43290 Old Ox Road Sterling Virginia 20166,43290 Old Ox Road,Sterling,20166,15m,147.906578947,imputed_from_pm25_budget_divided_by_pm25_factor,pm25_budget_and_factor,2.12100456621,permit_extracted_pm25_budget,deq_permit_74173,0.0143401637798,imputed_global_median_observed_pm25_lb_per_mwh,deq_emission_factors_observed_median,,2.12100456621,,4,True,True,https://www.deq.virginia.gov/news-info/shortcuts/permits/air/issued-air-permits-for-data-centers,data/raw/deq/pdfs/74173-6_CyrusOne_Sterling_IX_X_XI.pdf,At least one headline value is imputed from global observed medians for smoke/central baseline coverage.,147.906578947,-77.506747742238,38.955883004514,True,Exact,"43290 OLD OX RD, STERLING, VA, 20166",3439,area_pop_003439
VA_DEQ_74174_SITE_01,deq_va_deq_74174_site_01,deq_va_deq_74174_site_01_gensets,74174,"25430 Sutton Bay Plaza Chantilly, Virginia 20152",25430 Sutton Bay Plaza,Chantilly,20152,15m,1544.34210526,imputed_from_pm25_budget_divided_by_pm25_factor,pm25_budget_and_factor,22.1461187215,permit_extracted_pm25_budget,deq_permit_74174,0.0143401637798,imputed_global_median_observed_pm25_lb_per_mwh,deq_emission_factors_observed_median,,22.1461187215,,4,True,True,https://www.deq.virginia.gov/news-info/shortcuts/permits/air/issued-air-permits-for-data-centers,"data/raw/deq/pdfs/74174-1_Amazon_Data_Services,_Inc._IAD-150_IAD-151_IAD-152.pdf",At least one headline value is imputed from global observed medians for smoke/central baseline coverage.,1544.34210526,-77.5191754,38.8998474,True,zip_centroid_approx,ZCTA centroid 20152,3176,area_pop_003176
VA_DEQ_74174_SITE_02,deq_va_deq_74174_site_02,deq_va_deq_74174_site_02_gensets,74174,"25420 Sutton Bay Plaza Chantilly, Virginia 20152",25420 Sutton Bay Plaza,Chantilly,20152,15m,1544.34210526,imputed_from_pm25_budget_divided_by_pm25_factor,pm25_budget_and_factor,22.1461187215,permit_extracted_pm25_budget,deq_permit_74174,0.0143401637798,imputed_global_median_observed_pm25_lb_per_mwh,deq_emission_factors_observed_median,,22.1461187215,,4,True,True,https://www.deq.virginia.gov/news-info/shortcuts/permits/air/issued-air-permits-for-data-centers,"data/raw/deq/pdfs/74174-1_Amazon_Data_Services,_Inc._IAD-150_IAD-151_IAD-152.pdf",At least one headline value is imputed from global observed medians for smoke/central baseline coverage.,1544.34210526,-77.5191754,38.8998474,True,zip_centroid_approx,ZCTA centroid 20152,3176,area_pop_003176
VA_DEQ_74174_SITE_03,deq_va_deq_74174_site_03,deq_va_deq_74174_site_03_gensets,74174,"25390 Sutton Bay Plaza Chantilly, Virginia 20152",25390 Sutton Bay Plaza,Chantilly,20152,15m,1544.34210526,imputed_from_pm25_budget_divided_by_pm25_factor,pm25_budget_and_factor,22.1461187215,permit_extracted_pm25_budget,deq_permit_74174,0.0143401637798,imputed_global_median_observed_pm25_lb_per_mwh,deq_emission_factors_observed_median,,22.1461187215,,4,True,True,https://www.deq.virginia.gov/news-info/shortcuts/permits/air/issued-air-permits-for-data-centers,"data/raw/deq/pdfs/74174-1_Amazon_Data_Services,_Inc._IAD-150_IAD-151_IAD-152.pdf",At least one headline value is imputed from global observed medians for smoke/central baseline coverage.,1544.34210526,-77.5191754,38.8998474,True,zip_centroid_approx,ZCTA centroid 20152,3176,area_pop_003176
VA_DEQ_74181_SITE_01,deq_va_deq_74181_site_01,deq_va_deq_74181_site_01_gensets,74181,"22370 Kipper Drive Sterling, VA 20166",22370 Kipper Drive,Sterling,20166,15m,541.315789473,imputed_from_pm25_budget_divided_by_pm25_factor,pm25_budget_and_factor,7.76255707763,permit_extracted_pm25_budget,deq_permit_74181,0.0143401637798,imputed_global_median_observed_pm25_lb_per_mwh,deq_emission_factors_observed_median,,7.76255707763,,4,True,True,https://www.deq.virginia.gov/news-info/shortcuts/permits/air/issued-air-permits-for-data-centers,"data/raw/deq/pdfs/74181-1_Amazon_Data_Services,_Inc..pdf",At least one headline value is imputed from global observed medians for smoke/central baseline coverage.,541.315789473,-77.4637354,38.971441,True,zip_centroid_approx,ZCTA centroid 20166,3528,area_pop_003528
VA_DEQ_74181_SITE_02,deq_va_deq_74181_site_02,deq_va_deq_74181_site_02_gensets,74181,"22420 Kipper Drive Sterling, VA 20166",22420 Kipper Drive,Sterling,20166,15m,541.315789473,imputed_from_pm25_budget_divided_by_pm25_factor,pm25_budget_and_factor,7.76255707763,permit_extracted_pm25_budget,deq_permit_74181,0.0143401637798,imputed_global_median_observed_pm25_lb_per_mwh,deq_emission_factors_observed_median,,7.76255707763,,4,True,True,https://www.deq.virginia.gov/news-info/shortcuts/permits/air/issued-air-permits-for-data-centers,"data/raw/deq/pdfs/74181-1_Amazon_Data_Services,_Inc..pdf",At least one headline value is imputed from global observed medians for smoke/central baseline coverage.,541.315789473,-77.4637354,38.971441,True,zip_centroid_approx,ZCTA centroid 20166,3528,area_pop_003528
VA_DEQ_74184_SITE_01,deq_va_deq_74184_site_01,deq_va_deq_74184_site_01_gensets,74184,"22890 Platform Plaza Sterling, VA 20166",22890 Platform Plaza,Sterling,20166,15m,61.4552631578,imputed_from_pm25_budget_divided_by_pm25_factor,pm25_budget_and_factor,0.881278538813,permit_extracted_pm25_budget,deq_permit_74184,0.0143401637798,imputed_global_median_observed_pm25_lb_per_mwh,deq_emission_factors_observed_median,,0.881278538813,,4,True,True,https://www.deq.virginia.gov/news-info/shortcuts/permits/air/issued-air-permits-for-data-centers,"data/raw/deq/pdfs/74184-4_Amazon_Data_Services,_Inc._IAD-140_141_143.pdf",At least one headline value is imputed from global observed medians for smoke/central baseline coverage.,61.4552631578,-77.4637354,38.971441,True,zip_centroid_approx,ZCTA centroid 20166,3528,area_pop_003528
VA_DEQ_74184_SITE_02,deq_va_deq_74184_site_02,deq_va_deq_74184_site_02_gensets,74184,"22900 Platform Plaza Sterling, VA 20166",22900 Platform Plaza,Sterling,20166,15m,61.4552631578,imputed_from_pm25_budget_divided_by_pm25_factor,pm25_budget_and_factor,0.881278538813,permit_extracted_pm25_budget,deq_permit_74184,0.0143401637798,imputed_global_median_observed_pm25_lb_per_mwh,deq_emission_factors_observed_median,,0.881278538813,,4,True,True,https://www.deq.virginia.gov/news-info/shortcuts/permits/air/issued-air-permits-for-data-centers,"data/raw/deq/pdfs/74184-4_Amazon_Data_Services,_Inc._IAD-140_141_143.pdf",At least one headline value is imputed from global observed medians for smoke/central baseline coverage.,61.4552631578,-77.4637354,38.971441,True,zip_centroid_approx,ZCTA centroid 20166,3528,area_pop_003528
VA_DEQ_74184_SITE_03,deq_va_deq_74184_site_03,deq_va_deq_74184_site_03_gensets,74184,"45775 Optics Plaza Sterling, VA 20166",45775 Optics Plaza,Sterling,20166,15m,61.4552631578,imputed_from_pm25_budget_divided_by_pm25_factor,pm25_budget_and_factor,0.881278538813,permit_extracted_pm25_budget,deq_permit_74184,0.0143401637798,imputed_global_median_observed_pm25_lb_per_mwh,deq_emission_factors_observed_median,,0.881278538813,,4,True,True,https://www.deq.virginia.gov/news-info/shortcuts/permits/air/issued-air-permits-for-data-centers,"data/raw/deq/pdfs/74184-4_Amazon_Data_Services,_Inc._IAD-140_141_143.pdf",At least one headline value is imputed from global observed medians for smoke/central baseline coverage.,61.4552631578,-77.4637354,38.971441,True,zip_centroid_approx,ZCTA centroid 20166,3528,area_pop_003528
VA_DEQ_74184_SITE_04,deq_va_deq_74184_site_04,deq_va_deq_74184_site_04_gensets,74184,"45795 Optics Plaza Sterling, VA 20166",45795 Optics Plaza,Sterling,20166,15m,61.4552631578,imputed_from_pm25_budget_divided_by_pm25_factor,pm25_budget_and_factor,0.881278538813,permit_extracted_pm25_budget,deq_permit_74184,0.0143401637798,imputed_global_median_observed_pm25_lb_per_mwh,deq_emission_factors_observed_median,,0.881278538813,,4,True,True,https://www.deq.virginia.gov/news-info/shortcuts/permits/air/issued-air-permits-for-data-centers,"data/raw/deq/pdfs/74184-4_Amazon_Data_Services,_Inc._IAD-140_141_143.pdf",At least one headline value is imputed from global observed medians for smoke/central baseline coverage.,61.4552631578,-77.4637354,38.971441,True,zip_centroid_approx,ZCTA centroid 20166,3528,area_pop_003528
VA_DEQ_74184_SITE_05,deq_va_deq_74184_site_05,deq_va_deq_74184_site_05_gensets,74184,"22940 Platform Plaza Sterling, VA 20166",22940 Platform Plaza,Sterling,20166,15m,61.4552631578,imputed_from_pm25_budget_divided_by_pm25_factor,pm25_budget_and_factor,0.881278538813,permit_extracted_pm25_budget,deq_permit_74184,0.0143401637798,imputed_global_median_observed_pm25_lb_per_mwh,deq_emission_factors_observed_median,,0.881278538813,,4,True,True,https://www.deq.virginia.gov/news-info/shortcuts/permits/air/issued-air-permits-for-data-centers,"data/raw/deq/pdfs/74184-4_Amazon_Data_Services,_Inc._IAD-140_141_143.pdf",At least one headline value is imputed from global observed medians for smoke/central baseline coverage.,61.4552631578,-77.4637354,38.971441,True,zip_centroid_approx,ZCTA centroid 20166,3528,area_pop_003528
VA_DEQ_74184_SITE_06,deq_va_deq_74184_site_06,deq_va_deq_74184_site_06_gensets,74184,"22855 Platform Plaza Sterling, VA 20166",22855 Platform Plaza,Sterling,20166,15m,61.4552631578,imputed_from_pm25_budget_divided_by_pm25_factor,pm25_budget_and_factor,0.881278538813,permit_extracted_pm25_budget,deq_permit_74184,0.0143401637798,imputed_global_median_observed_pm25_lb_per_mwh,deq_emission_factors_observed_median,,0.881278538813,,4,True,True,https://www.deq.virginia.gov/news-info/shortcuts/permits/air/issued-air-permits-for-data-centers,"data/raw/deq/pdfs/74184-4_Amazon_Data_Services,_Inc._IAD-140_141_143.pdf",At least one headline value is imputed from global observed medians for smoke/central baseline coverage.,61.4552631578,-77.4637354,38.971441,True,zip_centroid_approx,ZCTA centroid 20166,3528,area_pop_003528
VA_DEQ_74189_SITE_01,deq_va_deq_74189_site_01,deq_va_deq_74189_site_01_gensets,74189,"22175 Beaumeade Circle Ashburn, VA 20147",22175 Beaumeade Circle,Ashburn,20147,15m,92.3421052628,imputed_from_pm25_budget_divided_by_pm25_factor,pm25_budget_and_factor,1.32420091324,permit_extracted_pm25_budget,deq_permit_74189,0.0143401637798,imputed_global_median_observed_pm25_lb_per_mwh,deq_emission_factors_observed_median,,1.32420091324,,4,True,True,https://www.deq.virginia.gov/news-info/shortcuts/permits/air/issued-air-permits-for-data-centers,data/raw/deq/pdfs/74189-5_Equinix_LLC_(DC-21_DC-22).pdf,At least one headline value is imputed from global observed medians for smoke/central baseline coverage.,92.3421052628,-77.454056744699,39.011288067041,True,Exact,"22175 BEAUMEADE CIR, ASHBURN, VA, 20147",3676,area_pop_003676
VA_DEQ_74189_SITE_02,deq_va_deq_74189_site_02,deq_va_deq_74189_site_02_gensets,74189,"22165 Beaumeade Circle Ashburn, VA 20147",22165 Beaumeade Circle,Ashburn,20147,15m,92.3421052628,imputed_from_pm25_budget_divided_by_pm25_factor,pm25_budget_and_factor,1.32420091324,permit_extracted_pm25_budget,deq_permit_74189,0.0143401637798,imputed_global_median_observed_pm25_lb_per_mwh,deq_emission_factors_observed_median,,1.32420091324,,4,True,True,https://www.deq.virginia.gov/news-info/shortcuts/permits/air/issued-air-permits-for-data-centers,data/raw/deq/pdfs/74189-5_Equinix_LLC_(DC-21_DC-22).pdf,At least one headline value is imputed from global observed medians for smoke/central baseline coverage.,92.3421052628,-77.453863264816,39.011675026794,True,Exact,"22165 BEAUMEADE CIR, ASHBURN, VA, 20147",3676,area_pop_003676
VA_DEQ_74190_SITE_01,deq_va_deq_74190_site_01,deq_va_deq_74190_site_01_gensets,74190,22129 Confederate Road Elkwood VA 22718,22129 Confederate Road,Elkwood,22718,15m,56.9973684209,imputed_from_pm25_budget_divided_by_pm25_factor,pm25_budget_and_factor,0.817351598174,imputed_global_median_pm25_budget,global_median_pm25_budget,0.0143401637798,imputed_global_median_observed_pm25_lb_per_mwh,deq_emission_factors_observed_median,,,,4,True,True,https://www.deq.virginia.gov/news-info/shortcuts/permits/air/issued-air-permits-for-data-centers,data/raw/deq/pdfs/74190-2_Amazon_DCA-50.pdf,At least one headline value is imputed from global observed medians for smoke/central baseline coverage.,56.9973684209,-77.851536620002,38.459094630282,True,Exact,"22129 CONFEDERATE RD, ELKWOOD, VA, 22718",2360,area_pop_002360
VA_DEQ_74197_SITE_01,deq_va_deq_74197_site_01,deq_va_deq_74197_site_01_gensets,74197,"22291 Shellhorn Road Ashburn, VA 20147",22291 Shellhorn Road,Ashburn,20147,15m,97.2776315787,imputed_from_pm25_budget_divided_by_pm25_factor,pm25_budget_and_factor,1.39497716895,permit_extracted_pm25_budget,deq_permit_74197,0.0143401637798,imputed_global_median_observed_pm25_lb_per_mwh,deq_emission_factors_observed_median,,1.39497716895,,4,True,True,https://www.deq.virginia.gov/news-info/shortcuts/permits/air/issued-air-permits-for-data-centers,data/raw/deq/pdfs/74197-3_QTS_LLC_-_Ashburn-Shellhorn_Data_Center.pdf,At least one headline value is imputed from global observed medians for smoke/central baseline coverage.,97.2776315787,-77.475464103682,39.001097835952,True,Exact,"22291 SHELLHORN RD, ASHBURN, VA, 20147",3605,area_pop_003605
VA_DEQ_74197_SITE_02,deq_va_deq_74197_site_02,deq_va_deq_74197_site_02_gensets,74197,"22271 Shellhorn Road Ashburn, VA 20147",22271 Shellhorn Road,Ashburn,20147,15m,97.2776315787,imputed_from_pm25_budget_divided_by_pm25_factor,pm25_budget_and_factor,1.39497716895,permit_extracted_pm25_budget,deq_permit_74197,0.0143401637798,imputed_global_median_observed_pm25_lb_per_mwh,deq_emission_factors_observed_median,,1.39497716895,,4,True,True,https://www.deq.virginia.gov/news-info/shortcuts/permits/air/issued-air-permits-for-data-centers,data/raw/deq/pdfs/74197-3_QTS_LLC_-_Ashburn-Shellhorn_Data_Center.pdf,At least one headline value is imputed from global observed medians for smoke/central baseline coverage.,97.2776315787,-77.477160473554,39.001833483101,True,Exact,"22271 SHELLHORN RD, ASHBURN, VA, 20147",3605,area_pop_003605
VA_DEQ_74198_SITE_01,deq_va_deq_74198_site_01,deq_va_deq_74198_site_01_gensets,74198,7471 Bear Wallow Road Warrenton VA 20186,7471 Bear Wallow Road,Warrenton,20186,15m,26.747368421,imputed_from_pm25_budget_divided_by_pm25_factor,pm25_budget_and_factor,0.383561643836,imputed_city_median_pm25_budget,city_median_pm25_budget,0.0143401637798,imputed_global_median_observed_pm25_lb_per_mwh,deq_emission_factors_observed_median,,,,4,True,True,https://www.deq.virginia.gov/news-info/shortcuts/permits/air/issued-air-permits-for-data-centers,data/raw/deq/pdfs/74198-3_Amazon_Data_Services_-_DCA-51.pdf,At least one headline value is imputed from global observed medians for smoke/central baseline coverage.,26.747368421,-77.820506731066,38.733793679949,True,Exact,"7471 BEAR WALLOW RD, WARRENTON, VA, 20186",2656,area_pop_002656
VA_DEQ_74201_SITE_01,deq_va_deq_74201_site_01,deq_va_deq_74201_site_01_gensets,74201,7471 Bear Wallow Road Warrenton Virginia 20186,7471 Bear Wallow Road,Warrenton,20186,15m,26.747368421,imputed_from_pm25_budget_divided_by_pm25_factor,pm25_budget_and_factor,0.383561643836,imputed_city_median_pm25_budget,city_median_pm25_budget,0.0143401637798,imputed_global_median_observed_pm25_lb_per_mwh,deq_emission_factors_observed_median,,,,4,True,True,https://www.deq.virginia.gov/news-info/shortcuts/permits/air/issued-air-permits-for-data-centers,data/raw/deq/pdfs/74201-4_Microsoft.pdf,At least one headline value is imputed from global observed medians for smoke/central baseline coverage.,26.747368421,-77.820506731066,38.733793679949,True,Exact,"7471 BEAR WALLOW RD, WARRENTON, VA, 20186",2656,area_pop_002656
VA_DEQ_74205_SITE_01,deq_va_deq_74205_site_01,deq_va_deq_74205_site_01_gensets,74205,"23825 Erins Run Drive Sterling, VA 20166",23825 Erins Run Drive,Sterling,20166,15m,57.1565789472,imputed_from_pm25_budget_divided_by_pm25_factor,pm25_budget_and_factor,0.819634703196,permit_extracted_pm25_budget,deq_permit_74205,0.0143401637798,imputed_global_median_observed_pm25_lb_per_mwh,deq_emission_factors_observed_median,,0.819634703196,,4,True,True,https://www.deq.virginia.gov/news-info/shortcuts/permits/air/issued-air-permits-for-data-centers,data/raw/deq/pdfs/74205-4_Amazon_Data_Services_Inc_IAD-120_121_122.pdf,At least one headline value is imputed from global observed medians for smoke/central baseline coverage.,57.1565789472,-77.4637354,38.971441,True,zip_centroid_approx,ZCTA centroid 20166,3528,area_pop_003528
VA_DEQ_74205_SITE_02,deq_va_deq_74205_site_02,deq_va_deq_74205_site_02_gensets,74205,"23835 Erins Run Drive Sterling, VA 20166",23835 Erins Run Drive,Sterling,20166,15m,57.1565789472,imputed_from_pm25_budget_divided_by_pm25_factor,pm25_budget_and_factor,0.819634703196,permit_extracted_pm25_budget,deq_permit_74205,0.0143401637798,imputed_global_median_observed_pm25_lb_per_mwh,deq_emission_factors_observed_median,,0.819634703196,,4,True,True,https://www.deq.virginia.gov/news-info/shortcuts/permits/air/issued-air-permits-for-data-centers,data/raw/deq/pdfs/74205-4_Amazon_Data_Services_Inc_IAD-120_121_122.pdf,At least one headline value is imputed from global observed medians for smoke/central baseline coverage.,57.1565789472,-77.4637354,38.971441,True,zip_centroid_approx,ZCTA centroid 20166,3528,area_pop_003528
VA_DEQ_74205_SITE_03,deq_va_deq_74205_site_03,deq_va_deq_74205_site_03_gensets,74205,"23845 Erins Run Drive Sterling, VA 20166",23845 Erins Run Drive,Sterling,20166,15m,57.1565789472,imputed_from_pm25_budget_divided_by_pm25_factor,pm25_budget_and_factor,0.819634703196,permit_extracted_pm25_budget,deq_permit_74205,0.0143401637798,imputed_global_median_observed_pm25_lb_per_mwh,deq_emission_factors_observed_median,,0.819634703196,,4,True,True,https://www.deq.virginia.gov/news-info/shortcuts/permits/air/issued-air-permits-for-data-centers,data/raw/deq/pdfs/74205-4_Amazon_Data_Services_Inc_IAD-120_121_122.pdf,At least one headline value is imputed from global observed medians for smoke/central baseline coverage.,57.1565789472,-77.4637354,38.971441,True,zip_centroid_approx,ZCTA centroid 20166,3528,area_pop_003528
VA_DEQ_74207_SITE_01,deq_va_deq_74207_site_01,deq_va_deq_74207_site_01_gensets,74207,"7900 Telegraph Road Fort Belvoir, VA 22060-5928",7900 Telegraph Road,Fort Belvoir,22060-5928,15m,7.32368421049,imputed_from_pm25_budget_divided_by_pm25_factor,pm25_budget_and_factor,0.10502283105,permit_extracted_pm25_budget,deq_permit_74207,0.0143401637798,imputed_global_median_observed_pm25_lb_per_mwh,deq_emission_factors_observed_median,,0.10502283105,,4,True,True,https://www.deq.virginia.gov/news-info/shortcuts/permits/air/issued-air-permits-for-data-centers,data/raw/deq/pdfs/74207-3_Amazon_DCA-54.pdf,At least one headline value is imputed from global observed medians for smoke/central baseline coverage.,7.32368421049,-77.1563497,38.7052338,True,zip_centroid_approx,ZCTA centroid 22060-5928,2566,area_pop_002566
VA_DEQ_74212_SITE_01,deq_va_deq_74212_site_01,deq_va_deq_74212_site_01_gensets,74212,"43695 Efficiency Dr Sterling, Virginia 20166",43695 Efficiency Dr,Sterling,20166,15m,815.157894735,imputed_from_pm25_budget_divided_by_pm25_factor,pm25_budget_and_factor,11.6894977169,permit_extracted_pm25_budget,deq_permit_74212,0.0143401637798,imputed_global_median_observed_pm25_lb_per_mwh,deq_emission_factors_observed_median,,11.6894977169,,4,True,True,https://www.deq.virginia.gov/news-info/shortcuts/permits/air/issued-air-permits-for-data-centers,data/raw/deq/pdfs/74212-3_Digital_Western_Lands_LLC.pdf,At least one headline value is imputed from global observed medians for smoke/central baseline coverage.,815.157894735,-77.4637354,38.971441,True,zip_centroid_approx,ZCTA centroid 20166,3528,area_pop_003528
VA_DEQ_74212_SITE_02,deq_va_deq_74212_site_02,deq_va_deq_74212_site_02_gensets,74212,"43704 Efficiency Dr Sterling, Virginia 20166",43704 Efficiency Dr,Sterling,20166,15m,815.157894735,imputed_from_pm25_budget_divided_by_pm25_factor,pm25_budget_and_factor,11.6894977169,permit_extracted_pm25_budget,deq_permit_74212,0.0143401637798,imputed_global_median_observed_pm25_lb_per_mwh,deq_emission_factors_observed_median,,11.6894977169,,4,True,True,https://www.deq.virginia.gov/news-info/shortcuts/permits/air/issued-air-permits-for-data-centers,data/raw/deq/pdfs/74212-3_Digital_Western_Lands_LLC.pdf,At least one headline value is imputed from global observed medians for smoke/central baseline coverage.,815.157894735,-77.4637354,38.971441,True,zip_centroid_approx,ZCTA centroid 20166,3528,area_pop_003528
VA_DEQ_74212_SITE_03,deq_va_deq_74212_site_03,deq_va_deq_74212_site_03_gensets,74212,"43705 Efficiency Dr Sterling, Virginia 20166",43705 Efficiency Dr,Sterling,20166,15m,815.157894735,imputed_from_pm25_budget_divided_by_pm25_factor,pm25_budget_and_factor,11.6894977169,permit_extracted_pm25_budget,deq_permit_74212,0.0143401637798,imputed_global_median_observed_pm25_lb_per_mwh,deq_emission_factors_observed_median,,11.6894977169,,4,True,True,https://www.deq.virginia.gov/news-info/shortcuts/permits/air/issued-air-permits-for-data-centers,data/raw/deq/pdfs/74212-3_Digital_Western_Lands_LLC.pdf,At least one headline value is imputed from global observed medians for smoke/central baseline coverage.,815.157894735,-77.4637354,38.971441,True,zip_centroid_approx,ZCTA centroid 20166,3528,area_pop_003528
VA_DEQ_74212_SITE_04,deq_va_deq_74212_site_04,deq_va_deq_74212_site_04_gensets,74212,"43714 Efficiency Dr Sterling, Virginia 20166",43714 Efficiency Dr,Sterling,20166,15m,815.157894735,imputed_from_pm25_budget_divided_by_pm25_factor,pm25_budget_and_factor,11.6894977169,permit_extracted_pm25_budget,deq_permit_74212,0.0143401637798,imputed_global_median_observed_pm25_lb_per_mwh,deq_emission_factors_observed_median,,11.6894977169,,4,True,True,https://www.deq.virginia.gov/news-info/shortcuts/permits/air/issued-air-permits-for-data-centers,data/raw/deq/pdfs/74212-3_Digital_Western_Lands_LLC.pdf,At least one headline value is imputed from global observed medians for smoke/central baseline coverage.,815.157894735,-77.4637354,38.971441,True,zip_centroid_approx,ZCTA centroid 20166,3528,area_pop_003528
VA_DEQ_74212_SITE_05,deq_va_deq_74212_site_05,deq_va_deq_74212_site_05_gensets,74212,"43715 Efficiency Dr Sterling, Virginia 20166",43715 Efficiency Dr,Sterling,20166,15m,815.157894735,imputed_from_pm25_budget_divided_by_pm25_factor,pm25_budget_and_factor,11.6894977169,permit_extracted_pm25_budget,deq_permit_74212,0.0143401637798,imputed_global_median_observed_pm25_lb_per_mwh,deq_emission_factors_observed_median,,11.6894977169,,4,True,True,https://www.deq.virginia.gov/news-info/shortcuts/permits/air/issued-air-permits-for-data-centers,data/raw/deq/pdfs/74212-3_Digital_Western_Lands_LLC.pdf,At least one headline value is imputed from global observed medians for smoke/central baseline coverage.,815.157894735,-77.4637354,38.971441,True,zip_centroid_approx,ZCTA centroid 20166,3528,area_pop_003528
VA_DEQ_74214_SITE_01,deq_va_deq_74214_site_01,deq_va_deq_74214_site_01_gensets,74214,"44254 Import Plaza Ashburn, VA 20147",44254 Import Plaza,Ashburn,20147,15m,53.9723684209,imputed_from_pm25_budget_divided_by_pm25_factor,pm25_budget_and_factor,0.77397260274,permit_extracted_pm25_budget,deq_permit_74214,0.0143401637798,imputed_global_median_observed_pm25_lb_per_mwh,deq_emission_factors_observed_median,,0.77397260274,,4,True,True,https://www.deq.virginia.gov/news-info/shortcuts/permits/air/issued-air-permits-for-data-centers,"data/raw/deq/pdfs/74214-3_Amazon_Data_Services_Inc_IAD-161,_IAD-162,_IAD-606,_IAD-285,_IAD-286,_IAD-299,_IAD-611.pdf",At least one headline value is imputed from global observed medians for smoke/central baseline coverage.,53.9723684209,-77.4795846,39.041507,True,zip_centroid_approx,ZCTA centroid 20147,3723,area_pop_003723
VA_DEQ_74214_SITE_02,deq_va_deq_74214_site_02,deq_va_deq_74214_site_02_gensets,74214,"44305 Import Plaza Ashburn, VA 20147",44305 Import Plaza,Ashburn,20147,15m,53.9723684209,imputed_from_pm25_budget_divided_by_pm25_factor,pm25_budget_and_factor,0.77397260274,permit_extracted_pm25_budget,deq_permit_74214,0.0143401637798,imputed_global_median_observed_pm25_lb_per_mwh,deq_emission_factors_observed_median,,0.77397260274,,4,True,True,https://www.deq.virginia.gov/news-info/shortcuts/permits/air/issued-air-permits-for-data-centers,"data/raw/deq/pdfs/74214-3_Amazon_Data_Services_Inc_IAD-161,_IAD-162,_IAD-606,_IAD-285,_IAD-286,_IAD-299,_IAD-611.pdf",At least one headline value is imputed from global observed medians for smoke/central baseline coverage.,53.9723684209,-77.4795846,39.041507,True,zip_centroid_approx,ZCTA centroid 20147,3723,area_pop_003723
VA_DEQ_74214_SITE_03,deq_va_deq_74214_site_03,deq_va_deq_74214_site_03_gensets,74214,"44351 Import Plaza Ashburn, VA 20147",44351 Import Plaza,Ashburn,20147,15m,53.9723684209,imputed_from_pm25_budget_divided_by_pm25_factor,pm25_budget_and_factor,0.77397260274,permit_extracted_pm25_budget,deq_permit_74214,0.0143401637798,imputed_global_median_observed_pm25_lb_per_mwh,deq_emission_factors_observed_median,,0.77397260274,,4,True,True,https://www.deq.virginia.gov/news-info/shortcuts/permits/air/issued-air-permits-for-data-centers,"data/raw/deq/pdfs/74214-3_Amazon_Data_Services_Inc_IAD-161,_IAD-162,_IAD-606,_IAD-285,_IAD-286,_IAD-299,_IAD-611.pdf",At least one headline value is imputed from global observed medians for smoke/central baseline coverage.,53.9723684209,-77.4795846,39.041507,True,zip_centroid_approx,ZCTA centroid 20147,3723,area_pop_003723
VA_DEQ_74214_SITE_04,deq_va_deq_74214_site_04,deq_va_deq_74214_site_04_gensets,74214,"22275 Lockridge Rd Sterling, VA 20166",22275 Lockridge Rd,Sterling,20166,15m,53.9723684209,imputed_from_pm25_budget_divided_by_pm25_factor,pm25_budget_and_factor,0.77397260274,permit_extracted_pm25_budget,deq_permit_74214,0.0143401637798,imputed_global_median_observed_pm25_lb_per_mwh,deq_emission_factors_observed_median,,0.77397260274,,4,True,True,https://www.deq.virginia.gov/news-info/shortcuts/permits/air/issued-air-permits-for-data-centers,"data/raw/deq/pdfs/74214-3_Amazon_Data_Services_Inc_IAD-161,_IAD-162,_IAD-606,_IAD-285,_IAD-286,_IAD-299,_IAD-611.pdf",At least one headline value is imputed from global observed medians for smoke/central baseline coverage.,53.9723684209,-77.458851246387,38.999617486481,True,Exact,"22275 LOCKRIDGE RD, STERLING, VA, 20166",3605,area_pop_003605
VA_DEQ_74214_SITE_05,deq_va_deq_74214_site_05,deq_va_deq_74214_site_05_gensets,74214,"22285 Lockridge Rd Sterling, VA 20166",22285 Lockridge Rd,Sterling,20166,15m,53.9723684209,imputed_from_pm25_budget_divided_by_pm25_factor,pm25_budget_and_factor,0.77397260274,permit_extracted_pm25_budget,deq_permit_74214,0.0143401637798,imputed_global_median_observed_pm25_lb_per_mwh,deq_emission_factors_observed_median,,0.77397260274,,4,True,True,https://www.deq.virginia.gov/news-info/shortcuts/permits/air/issued-air-permits-for-data-centers,"data/raw/deq/pdfs/74214-3_Amazon_Data_Services_Inc_IAD-161,_IAD-162,_IAD-606,_IAD-285,_IAD-286,_IAD-299,_IAD-611.pdf",At least one headline value is imputed from global observed medians for smoke/central baseline coverage.,53.9723684209,-77.4637354,38.971441,True,zip_centroid_approx,ZCTA centroid 20166,3528,area_pop_003528
VA_DEQ_74214_SITE_06,deq_va_deq_74214_site_06,deq_va_deq_74214_site_06_gensets,74214,"22295 Lockridge Rd Sterling, VA 20166",22295 Lockridge Rd,Sterling,20166,15m,53.9723684209,imputed_from_pm25_budget_divided_by_pm25_factor,pm25_budget_and_factor,0.77397260274,permit_extracted_pm25_budget,deq_permit_74214,0.0143401637798,imputed_global_median_observed_pm25_lb_per_mwh,deq_emission_factors_observed_median,,0.77397260274,,4,True,True,https://www.deq.virginia.gov/news-info/shortcuts/permits/air/issued-air-permits-for-data-centers,"data/raw/deq/pdfs/74214-3_Amazon_Data_Services_Inc_IAD-161,_IAD-162,_IAD-606,_IAD-285,_IAD-286,_IAD-299,_IAD-611.pdf",At least one headline value is imputed from global observed medians for smoke/central baseline coverage.,53.9723684209,-77.454409788001,38.991190137949,True,Exact,"22295 LOCKRIDGE RD, STERLING, VA, 20166",3605,area_pop_003605
VA_DEQ_74216_SITE_01,deq_va_deq_74216_site_01,deq_va_deq_74216_site_01_gensets,74216,13001 Rollins Ford Road Bristow VA 20136,13001 Rollins Ford Road,Bristow,20136,15m,178.156578947,imputed_from_pm25_budget_divided_by_pm25_factor,pm25_budget_and_factor,2.55479452055,permit_extracted_pm25_budget,deq_permit_74216,0.0143401637798,imputed_global_median_observed_pm25_lb_per_mwh,deq_emission_factors_observed_median,,2.55479452055,,4,True,True,https://www.deq.virginia.gov/news-info/shortcuts/permits/air/issued-air-permits-for-data-centers,data/raw/deq/pdfs/74216-4_Nova_Mango_Farms_LLC.pdf,At least one headline value is imputed from global observed medians for smoke/central baseline coverage.,178.156578947,-77.579720050454,38.782542215375,True,Exact,"13001 ROLLINS FORD RD, BRISTOW, VA, 20136",2717,area_pop_002717
VA_DEQ_74220_SITE_01,deq_va_deq_74220_site_01,deq_va_deq_74220_site_01_gensets,74220,19515 Compass Creek Parkway Leesburg VA 20175,19515 Compass Creek Parkway,Leesburg,20175,15m,53.1763157894,imputed_from_pm25_budget_divided_by_pm25_factor,pm25_budget_and_factor,0.762557077626,permit_extracted_pm25_budget,deq_permit_74220,0.0143401637798,imputed_global_median_observed_pm25_lb_per_mwh,deq_emission_factors_observed_median,,0.762557077626,,4,True,True,https://www.deq.virginia.gov/news-info/shortcuts/permits/air/issued-air-permits-for-data-centers,data/raw/deq/pdfs/74220-4_Microsoft_Corp_-_Leesburg_Data_Center_(IAD01-02-03-04-05).pdf,At least one headline value is imputed from global observed medians for smoke/central baseline coverage.,53.1763157894,-77.5994102,39.0640847,True,zip_centroid_approx,ZCTA centroid 20175,3767,area_pop_003767
VA_DEQ_74221_SITE_01,deq_va_deq_74221_site_01,deq_va_deq_74221_site_01_gensets,74221,41840 Growth Mindset Lane Aldie Virginia 20105,41840 Growth Mindset Lane,Aldie,20105,15m,44.2605263157,imputed_from_pm25_budget_divided_by_pm25_factor,pm25_budget_and_factor,0.634703196347,permit_extracted_pm25_budget,deq_permit_74221,0.0143401637798,imputed_global_median_observed_pm25_lb_per_mwh,deq_emission_factors_observed_median,,0.634703196347,,4,True,True,https://www.deq.virginia.gov/news-info/shortcuts/permits/air/issued-air-permits-for-data-centers,data/raw/deq/pdfs/74221-4_Microsoft_Corp_Blue_Ridge_(IAD11-12-13)_Data_Center.pdf,At least one headline value is imputed from global observed medians for smoke/central baseline coverage.,44.2605263157,-77.6082875,38.9594851,True,zip_centroid_approx,ZCTA centroid 20105,3402,area_pop_003402
VA_DEQ_74224_SITE_01,deq_va_deq_74224_site_01,deq_va_deq_74224_site_01_gensets,74224,9590 Hornbaker Road Manassas Virginia 20109,9590 Hornbaker Road,Manassas,20109,15m,40.4394736841,imputed_from_pm25_budget_divided_by_pm25_factor,pm25_budget_and_factor,0.579908675799,permit_extracted_pm25_budget,deq_permit_74224,0.0143401637798,imputed_global_median_observed_pm25_lb_per_mwh,deq_emission_factors_observed_median,,0.579908675799,,4,True,True,https://www.deq.virginia.gov/news-info/shortcuts/permits/air/issued-air-permits-for-data-centers,"data/raw/deq/pdfs/74224-3_SI_NVA02D,_LLC.pdf",At least one headline value is imputed from global observed medians for smoke/central baseline coverage.,40.4394736841,-77.535849096871,38.749822465402,True,Exact,"9590 HORNBAKER RD, MANASSAS, VA, 20109",2632,area_pop_002632
VA_DEQ_74227_SITE_01,deq_va_deq_74227_site_01,deq_va_deq_74227_site_01_gensets,74227,"21099 Atlantic Boulevard Sterling, Virginia 20166",21099 Atlantic Boulevard,Sterling,20166,15m,56.9973684209,imputed_from_pm25_budget_divided_by_pm25_factor,pm25_budget_and_factor,0.817351598174,permit_extracted_pm25_budget,deq_permit_74227,0.0143401637798,imputed_global_median_observed_pm25_lb_per_mwh,deq_emission_factors_observed_median,,0.817351598174,,4,True,True,https://www.deq.virginia.gov/news-info/shortcuts/permits/air/issued-air-permits-for-data-centers,data/raw/deq/pdfs/74227-2_Amazon_Data_Services_Inc_-_IAD-163_164_174.pdf,At least one headline value is imputed from global observed medians for smoke/central baseline coverage.,56.9973684209,-77.4637354,38.971441,True,zip_centroid_approx,ZCTA centroid 20166,3528,area_pop_003528
VA_DEQ_74227_SITE_02,deq_va_deq_74227_site_02,deq_va_deq_74227_site_02_gensets,74227,"21205 Atlantic Boulevard Sterling, Virginia 20166",21205 Atlantic Boulevard,Sterling,20166,15m,56.9973684209,imputed_from_pm25_budget_divided_by_pm25_factor,pm25_budget_and_factor,0.817351598174,permit_extracted_pm25_budget,deq_permit_74227,0.0143401637798,imputed_global_median_observed_pm25_lb_per_mwh,deq_emission_factors_observed_median,,0.817351598174,,4,True,True,https://www.deq.virginia.gov/news-info/shortcuts/permits/air/issued-air-permits-for-data-centers,data/raw/deq/pdfs/74227-2_Amazon_Data_Services_Inc_-_IAD-163_164_174.pdf,At least one headline value is imputed from global observed medians for smoke/central baseline coverage.,56.9973684209,-77.428614820398,39.032031550983,True,Exact,"21205 ATLANTIC BLVD, STERLING, VA, 20166",3724,area_pop_003724
VA_DEQ_74227_SITE_03,deq_va_deq_74227_site_03,deq_va_deq_74227_site_03_gensets,74227,"21215 Atlantic Boulevard Sterling, Virginia 20166",21215 Atlantic Boulevard,Sterling,20166,15m,56.9973684209,imputed_from_pm25_budget_divided_by_pm25_factor,pm25_budget_and_factor,0.817351598174,permit_extracted_pm25_budget,deq_permit_74227,0.0143401637798,imputed_global_median_observed_pm25_lb_per_mwh,deq_emission_factors_observed_median,,0.817351598174,,4,True,True,https://www.deq.virginia.gov/news-info/shortcuts/permits/air/issued-air-permits-for-data-centers,data/raw/deq/pdfs/74227-2_Amazon_Data_Services_Inc_-_IAD-163_164_174.pdf,At least one headline value is imputed from global observed medians for smoke/central baseline coverage.,56.9973684209,-77.428471465122,39.031749562014,True,Exact,"21215 ATLANTIC BLVD, STERLING, VA, 20166",3724,area_pop_003724
VA_DEQ_74232_SITE_01,deq_va_deq_74232_site_01,deq_va_deq_74232_site_01_gensets,74232,"44675 Quality Tech Lane Sterling, VA 20166",44675 Quality Tech Lane,Sterling,20166,15m,95.0486842103,imputed_from_pm25_budget_divided_by_pm25_factor,pm25_budget_and_factor,1.36301369863,permit_extracted_pm25_budget,deq_permit_74232,0.0143401637798,imputed_global_median_observed_pm25_lb_per_mwh,deq_emission_factors_observed_median,,1.36301369863,,4,True,True,https://www.deq.virginia.gov/news-info/shortcuts/permits/air/issued-air-permits-for-data-centers,data/raw/deq/pdfs/74232-2_ASH2_Lockridge_Data_Center_-_QTS_Investment_Properties_Ashburn_II_LLC.pdf,At least one headline value is imputed from global observed medians for smoke/central baseline coverage.,95.0486842103,-77.4637354,38.971441,True,zip_centroid_approx,ZCTA centroid 20166,3528,area_pop_003528
VA_DEQ_74232_SITE_02,deq_va_deq_74232_site_02,deq_va_deq_74232_site_02_gensets,74232,"44655 Quality Tech Lane Sterling, VA 20166",44655 Quality Tech Lane,Sterling,20166,15m,95.0486842103,imputed_from_pm25_budget_divided_by_pm25_factor,pm25_budget_and_factor,1.36301369863,permit_extracted_pm25_budget,deq_permit_74232,0.0143401637798,imputed_global_median_observed_pm25_lb_per_mwh,deq_emission_factors_observed_median,,1.36301369863,,4,True,True,https://www.deq.virginia.gov/news-info/shortcuts/permits/air/issued-air-permits-for-data-centers,data/raw/deq/pdfs/74232-2_ASH2_Lockridge_Data_Center_-_QTS_Investment_Properties_Ashburn_II_LLC.pdf,At least one headline value is imputed from global observed medians for smoke/central baseline coverage.,95.0486842103,-77.4637354,38.971441,True,zip_centroid_approx,ZCTA centroid 20166,3528,area_pop_003528
VA_DEQ_74234_SITE_01,deq_va_deq_74234_site_01,deq_va_deq_74234_site_01_gensets,74234,"22210 Loudoun County Parkway Ashburn, VA 20147",22210 Loudoun County Parkway,Ashburn,20147,15m,221.780263157,imputed_from_pm25_budget_divided_by_pm25_factor,pm25_budget_and_factor,3.1803652968,permit_extracted_pm25_budget,deq_permit_74234,0.0143401637798,imputed_global_median_observed_pm25_lb_per_mwh,deq_emission_factors_observed_median,,3.1803652968,,4,True,True,https://www.deq.virginia.gov/news-info/shortcuts/permits/air/issued-air-permits-for-data-centers,"data/raw/deq/pdfs/74234-2_Darab_Ventures_One,_Two,_Six_LLC.pdf",At least one headline value is imputed from global observed medians for smoke/central baseline coverage.,221.780263157,-77.471889982188,39.007303121206,True,Exact,"22210 LOUDOUN COUNTY PKWY, ASHBURN, VA, 20147",3605,area_pop_003605
VA_DEQ_74234_SITE_02,deq_va_deq_74234_site_02,deq_va_deq_74234_site_02_gensets,74234,"22190 Loudoun County Parkway Ashburn, VA 20147",22190 Loudoun County Parkway,Ashburn,20147,15m,221.780263157,imputed_from_pm25_budget_divided_by_pm25_factor,pm25_budget_and_factor,3.1803652968,permit_extracted_pm25_budget,deq_permit_74234,0.0143401637798,imputed_global_median_observed_pm25_lb_per_mwh,deq_emission_factors_observed_median,,3.1803652968,,4,True,True,https://www.deq.virginia.gov/news-info/shortcuts/permits/air/issued-air-permits-for-data-centers,"data/raw/deq/pdfs/74234-2_Darab_Ventures_One,_Two,_Six_LLC.pdf",At least one headline value is imputed from global observed medians for smoke/central baseline coverage.,221.780263157,-77.4795846,39.041507,True,zip_centroid_approx,ZCTA centroid 20147,3723,area_pop_003723
VA_DEQ_74234_SITE_03,deq_va_deq_74234_site_03,deq_va_deq_74234_site_03_gensets,74234,"22235 Loudoun County Parkway Ashburn, VA 20147",22235 Loudoun County Parkway,Ashburn,20147,15m,221.780263157,imputed_from_pm25_budget_divided_by_pm25_factor,pm25_budget_and_factor,3.1803652968,permit_extracted_pm25_budget,deq_permit_74234,0.0143401637798,imputed_global_median_observed_pm25_lb_per_mwh,deq_emission_factors_observed_median,,3.1803652968,,4,True,True,https://www.deq.virginia.gov/news-info/shortcuts/permits/air/issued-air-permits-for-data-centers,"data/raw/deq/pdfs/74234-2_Darab_Ventures_One,_Two,_Six_LLC.pdf",At least one headline value is imputed from global observed medians for smoke/central baseline coverage.,221.780263157,-77.4795846,39.041507,True,zip_centroid_approx,ZCTA centroid 20147,3723,area_pop_003723
VA_DEQ_74235_SITE_01,deq_va_deq_74235_site_01,deq_va_deq_74235_site_01_gensets,74235,21745 Beaumeade Cir Ashburn VA 20147,21745 Beaumeade Cir,Ashburn,20147,15m,95.6855263155,imputed_from_pm25_budget_divided_by_pm25_factor,pm25_budget_and_factor,1.37214611872,permit_extracted_pm25_budget,deq_permit_74235,0.0143401637798,imputed_global_median_observed_pm25_lb_per_mwh,deq_emission_factors_observed_median,,1.37214611872,,4,True,True,https://www.deq.virginia.gov/news-info/shortcuts/permits/air/issued-air-permits-for-data-centers,data/raw/deq/pdfs/74235-2_Cologix_ASH1.pdf,At least one headline value is imputed from global observed medians for smoke/central baseline coverage.,95.6855263155,-77.457688430896,39.017185576295,True,Exact,"21745 BEAUMEADE CIR, ASHBURN, VA, 20147",3676,area_pop_003676
VA_DEQ_74236_SITE_01,deq_va_deq_74236_site_01,deq_va_deq_74236_site_01_gensets,74236,13050 Hansen Farm Road Bristow VA 20136,13050 Hansen Farm Road,Bristow,20136,15m,40.1210526315,imputed_from_pm25_budget_divided_by_pm25_factor,pm25_budget_and_factor,0.575342465753,permit_extracted_pm25_budget,deq_permit_74236,0.0143401637798,imputed_global_median_observed_pm25_lb_per_mwh,deq_emission_factors_observed_median,,0.575342465753,,4,True,True,https://www.deq.virginia.gov/news-info/shortcuts/permits/air/issued-air-permits-for-data-centers,data/raw/deq/pdfs/74236-1_Microsoft_-_Gainesville_Data_Center_-_MNZ03.pdf,At least one headline value is imputed from global observed medians for smoke/central baseline coverage.,40.1210526315,-77.5547197,38.7374054,True,zip_centroid_approx,ZCTA centroid 20136,2632,area_pop_002632
VA_DEQ_74237_SITE_01,deq_va_deq_74237_site_01,deq_va_deq_74237_site_01_gensets,74237,11316 Balls Ford Road Manassas Virginia 20109,11316 Balls Ford Road,Manassas,20109,15m,39.6434210525,imputed_from_pm25_budget_divided_by_pm25_factor,pm25_budget_and_factor,0.568493150685,permit_extracted_pm25_budget,deq_permit_74237,0.0143401637798,imputed_global_median_observed_pm25_lb_per_mwh,deq_emission_factors_observed_median,,0.568493150685,,4,True,True,https://www.deq.virginia.gov/news-info/shortcuts/permits/air/issued-air-permits-for-data-centers,data/raw/deq/pdfs/74237-1_Microsoft_-_Manassas_Data_Center_-_MNZ01.pdf,At least one headline value is imputed from global observed medians for smoke/central baseline coverage.,39.6434210525,-77.532834381797,38.796283159354,True,Exact,"11316 BALLS FORD RD, MANASSAS, VA, 20109",2775,area_pop_002775
VA_DEQ_74239_SITE_01,deq_va_deq_74239_site_01,deq_va_deq_74239_site_01_gensets,74239,"3980 Virginia Mallory Drive Chantilly, VA 20151",3980 Virginia Mallory Drive,Chantilly,20151,15m,51.1065789473,imputed_from_pm25_budget_divided_by_pm25_factor,pm25_budget_and_factor,0.732876712329,permit_extracted_pm25_budget,deq_permit_74239,0.0143401637798,imputed_global_median_observed_pm25_lb_per_mwh,deq_emission_factors_observed_median,,0.732876712329,,4,True,True,https://www.deq.virginia.gov/news-info/shortcuts/permits/air/issued-air-permits-for-data-centers,data/raw/deq/pdfs/74239-1_Amazon_Data_Services_Inc_-_IAD-134_135_136.pdf,At least one headline value is imputed from global observed medians for smoke/central baseline coverage.,51.1065789473,-77.44997646976,38.90588364904,True,Exact,"3980 VIRGINIA MALLORY DR, CHANTILLY, VA, 20151",3179,area_pop_003179
VA_DEQ_74239_SITE_02,deq_va_deq_74239_site_02,deq_va_deq_74239_site_02_gensets,74239,"3980A Virginia Mallory Drive Chantilly, VA 20151",3980A Virginia Mallory Drive,Chantilly,20151,15m,51.1065789473,imputed_from_pm25_budget_divided_by_pm25_factor,pm25_budget_and_factor,0.732876712329,permit_extracted_pm25_budget,deq_permit_74239,0.0143401637798,imputed_global_median_observed_pm25_lb_per_mwh,deq_emission_factors_observed_median,,0.732876712329,,4,True,True,https://www.deq.virginia.gov/news-info/shortcuts/permits/air/issued-air-permits-for-data-centers,data/raw/deq/pdfs/74239-1_Amazon_Data_Services_Inc_-_IAD-134_135_136.pdf,At least one headline value is imputed from global observed medians for smoke/central baseline coverage.,51.1065789473,-77.44997646976,38.90588364904,True,Non_Exact,"3980A VIRGINIA MALLORY DR, CHANTILLY, VA, 20151",3179,area_pop_003179
VA_DEQ_74239_SITE_03,deq_va_deq_74239_site_03,deq_va_deq_74239_site_03_gensets,74239,"3960 Virginia Mallory Drive Chantilly, VA 20151",3960 Virginia Mallory Drive,Chantilly,20151,15m,51.1065789473,imputed_from_pm25_budget_divided_by_pm25_factor,pm25_budget_and_factor,0.732876712329,permit_extracted_pm25_budget,deq_permit_74239,0.0143401637798,imputed_global_median_observed_pm25_lb_per_mwh,deq_emission_factors_observed_median,,0.732876712329,,4,True,True,https://www.deq.virginia.gov/news-info/shortcuts/permits/air/issued-air-permits-for-data-centers,data/raw/deq/pdfs/74239-1_Amazon_Data_Services_Inc_-_IAD-134_135_136.pdf,At least one headline value is imputed from global observed medians for smoke/central baseline coverage.,51.1065789473,-77.450745334471,38.90559993582,True,Exact,"3960 VIRGINIA MALLORY DR, CHANTILLY, VA, 20151",3179,area_pop_003179
VA_DEQ_74239_SITE_04,deq_va_deq_74239_site_04,deq_va_deq_74239_site_04_gensets,74239,"3940 Virginia Mallory Drive Chantilly, VA 20151",3940 Virginia Mallory Drive,Chantilly,20151,15m,51.1065789473,imputed_from_pm25_budget_divided_by_pm25_factor,pm25_budget_and_factor,0.732876712329,permit_extracted_pm25_budget,deq_permit_74239,0.0143401637798,imputed_global_median_observed_pm25_lb_per_mwh,deq_emission_factors_observed_median,,0.732876712329,,4,True,True,https://www.deq.virginia.gov/news-info/shortcuts/permits/air/issued-air-permits-for-data-centers,data/raw/deq/pdfs/74239-1_Amazon_Data_Services_Inc_-_IAD-134_135_136.pdf,At least one headline value is imputed from global observed medians for smoke/central baseline coverage.,51.1065789473,-77.451522830851,38.905233670186,True,Exact,"3940 VIRGINIA MALLORY DR, CHANTILLY, VA, 20151",3179,area_pop_003179
VA_DEQ_74240_SITE_01,deq_va_deq_74240_site_01,deq_va_deq_74240_site_01_gensets,74240,"9680 Innovation Drive Manassas, VA 20110",9680 Innovation Drive,Manassas,20110,15m,53.9723684209,imputed_from_pm25_budget_divided_by_pm25_factor,pm25_budget_and_factor,0.77397260274,permit_extracted_pm25_budget,deq_permit_74240,0.0143401637798,imputed_global_median_observed_pm25_lb_per_mwh,deq_emission_factors_observed_median,,0.77397260274,,4,True,True,https://www.deq.virginia.gov/news-info/shortcuts/permits/air/issued-air-permits-for-data-centers,data/raw/deq/pdfs/74240-3_Amazon_Data_Services_Inc_-_IAD-104_105_106.pdf,At least one headline value is imputed from global observed medians for smoke/central baseline coverage.,53.9723684209,-77.4869993,38.7463583,True,zip_centroid_approx,ZCTA centroid 20110,2634,area_pop_002634
VA_DEQ_74240_SITE_02,deq_va_deq_74240_site_02,deq_va_deq_74240_site_02_gensets,74240,"9700 Innovation Drive Manassas, VA 20110",9700 Innovation Drive,Manassas,20110,15m,53.9723684209,imputed_from_pm25_budget_divided_by_pm25_factor,pm25_budget_and_factor,0.77397260274,permit_extracted_pm25_budget,deq_permit_74240,0.0143401637798,imputed_global_median_observed_pm25_lb_per_mwh,deq_emission_factors_observed_median,,0.77397260274,,4,True,True,https://www.deq.virginia.gov/news-info/shortcuts/permits/air/issued-air-permits-for-data-centers,data/raw/deq/pdfs/74240-3_Amazon_Data_Services_Inc_-_IAD-104_105_106.pdf,At least one headline value is imputed from global observed medians for smoke/central baseline coverage.,53.9723684209,-77.522031662778,38.749403275196,True,Non_Exact,"9700 INNOVATION LOOP, MANASSAS, VA, 20110",2633,area_pop_002633
VA_DEQ_74240_SITE_03,deq_va_deq_74240_site_03,deq_va_deq_74240_site_03_gensets,74240,"9720 Innovation Drive Manassas, VA 20110",9720 Innovation Drive,Manassas,20110,15m,53.9723684209,imputed_from_pm25_budget_divided_by_pm25_factor,pm25_budget_and_factor,0.77397260274,permit_extracted_pm25_budget,deq_permit_74240,0.0143401637798,imputed_global_median_observed_pm25_lb_per_mwh,deq_emission_factors_observed_median,,0.77397260274,,4,True,True,https://www.deq.virginia.gov/news-info/shortcuts/permits/air/issued-air-permits-for-data-centers,data/raw/deq/pdfs/74240-3_Amazon_Data_Services_Inc_-_IAD-104_105_106.pdf,At least one headline value is imputed from global observed medians for smoke/central baseline coverage.,53.9723684209,-77.521945042073,38.749309631171,True,Non_Exact,"9720 INNOVATION LOOP, MANASSAS, VA, 20110",2633,area_pop_002633
VA_DEQ_74240_SITE_04,deq_va_deq_74240_site_04,deq_va_deq_74240_site_04_gensets,74240,"9740 Innovation Drive Manassas, VA 20110",9740 Innovation Drive,Manassas,20110,15m,53.9723684209,imputed_from_pm25_budget_divided_by_pm25_factor,pm25_budget_and_factor,0.77397260274,permit_extracted_pm25_budget,deq_permit_74240,0.0143401637798,imputed_global_median_observed_pm25_lb_per_mwh,deq_emission_factors_observed_median,,0.77397260274,,4,True,True,https://www.deq.virginia.gov/news-info/shortcuts/permits/air/issued-air-permits-for-data-centers,data/raw/deq/pdfs/74240-3_Amazon_Data_Services_Inc_-_IAD-104_105_106.pdf,At least one headline value is imputed from global observed medians for smoke/central baseline coverage.,53.9723684209,-77.521851995777,38.749215690071,True,Non_Exact,"9740 INNOVATION LOOP, MANASSAS, VA, 20110",2633,area_pop_002633
VA_DEQ_74241_SITE_01,deq_va_deq_74241_site_01,deq_va_deq_74241_site_01_gensets,74241,"13760 University Blvd Gainesville, VA 20155",13760 University Blvd,Gainesville,20155,15m,48.8776315788,imputed_from_pm25_budget_divided_by_pm25_factor,pm25_budget_and_factor,0.700913242009,permit_extracted_pm25_budget,deq_permit_74241,0.0143401637798,imputed_global_median_observed_pm25_lb_per_mwh,deq_emission_factors_observed_median,,0.700913242009,,4,True,True,https://www.deq.virginia.gov/news-info/shortcuts/permits/air/issued-air-permits-for-data-centers,data/raw/deq/pdfs/74241-3_Gainesville_Crossing_Data_Campus_-_GCDC.pdf,At least one headline value is imputed from global observed medians for smoke/central baseline coverage.,48.8776315788,-77.585811822889,38.801733314313,True,Exact,"13760 UNIVERSITY BLVD, GAINESVILLE, VA, 20155",2773,area_pop_002773
VA_DEQ_74241_SITE_02,deq_va_deq_74241_site_02,deq_va_deq_74241_site_02_gensets,74241,"13710 University Blvd Gainesville, VA 20155",13710 University Blvd,Gainesville,20155,15m,48.8776315788,imputed_from_pm25_budget_divided_by_pm25_factor,pm25_budget_and_factor,0.700913242009,permit_extracted_pm25_budget,deq_permit_74241,0.0143401637798,imputed_global_median_observed_pm25_lb_per_mwh,deq_emission_factors_observed_median,,0.700913242009,,4,True,True,https://www.deq.virginia.gov/news-info/shortcuts/permits/air/issued-air-permits-for-data-centers,data/raw/deq/pdfs/74241-3_Gainesville_Crossing_Data_Campus_-_GCDC.pdf,At least one headline value is imputed from global observed medians for smoke/central baseline coverage.,48.8776315788,-77.585125595421,38.800392360504,True,Exact,"13710 UNIVERSITY BLVD, GAINESVILLE, VA, 20155",2773,area_pop_002773
VA_DEQ_74241_SITE_03,deq_va_deq_74241_site_03,deq_va_deq_74241_site_03_gensets,74241,"13744 University Blvd Gainesville, VA 20155",13744 University Blvd,Gainesville,20155,15m,48.8776315788,imputed_from_pm25_budget_divided_by_pm25_factor,pm25_budget_and_factor,0.700913242009,permit_extracted_pm25_budget,deq_permit_74241,0.0143401637798,imputed_global_median_observed_pm25_lb_per_mwh,deq_emission_factors_observed_median,,0.700913242009,,4,True,True,https://www.deq.virginia.gov/news-info/shortcuts/permits/air/issued-air-permits-for-data-centers,data/raw/deq/pdfs/74241-3_Gainesville_Crossing_Data_Campus_-_GCDC.pdf,At least one headline value is imputed from global observed medians for smoke/central baseline coverage.,48.8776315788,-77.58556066783,38.801316913219,True,Exact,"13744 UNIVERSITY BLVD, GAINESVILLE, VA, 20155",2773,area_pop_002773
VA_DEQ_74241_SITE_04,deq_va_deq_74241_site_04,deq_va_deq_74241_site_04_gensets,74241,"13750 University Blvd Gainesville, VA 20155",13750 University Blvd,Gainesville,20155,15m,48.8776315788,imputed_from_pm25_budget_divided_by_pm25_factor,pm25_budget_and_factor,0.700913242009,permit_extracted_pm25_budget,deq_permit_74241,0.0143401637798,imputed_global_median_observed_pm25_lb_per_mwh,deq_emission_factors_observed_median,,0.700913242009,,4,True,True,https://www.deq.virginia.gov/news-info/shortcuts/permits/air/issued-air-permits-for-data-centers,data/raw/deq/pdfs/74241-3_Gainesville_Crossing_Data_Campus_-_GCDC.pdf,At least one headline value is imputed from global observed medians for smoke/central baseline coverage.,48.8776315788,-77.585652555473,38.801473462574,True,Exact,"13750 UNIVERSITY BLVD, GAINESVILLE, VA, 20155",2773,area_pop_002773
VA_DEQ_74241_SITE_05,deq_va_deq_74241_site_05,deq_va_deq_74241_site_05_gensets,74241,"13760 University Blvd Gainesville, VA 20155",13760 University Blvd,Gainesville,20155,15m,48.8776315788,imputed_from_pm25_budget_divided_by_pm25_factor,pm25_budget_and_factor,0.700913242009,permit_extracted_pm25_budget,deq_permit_74241,0.0143401637798,imputed_global_median_observed_pm25_lb_per_mwh,deq_emission_factors_observed_median,,0.700913242009,,4,True,True,https://www.deq.virginia.gov/news-info/shortcuts/permits/air/issued-air-permits-for-data-centers,data/raw/deq/pdfs/74241-3_Gainesville_Crossing_Data_Campus_-_GCDC.pdf,At least one headline value is imputed from global observed medians for smoke/central baseline coverage.,48.8776315788,-77.585811822889,38.801733314313,True,Exact,"13760 UNIVERSITY BLVD, GAINESVILLE, VA, 20155",2773,area_pop_002773
VA_DEQ_74242_SITE_01,deq_va_deq_74242_site_01,deq_va_deq_74242_site_01_gensets,74242,22318 Glenn Drive Sterling VA 20167,22318 Glenn Drive,Sterling,20167,15m,899.698684207,imputed_from_pm25_budget_divided_by_pm25_factor,pm25_budget_and_factor,12.901826484,permit_extracted_pm25_budget,deq_permit_74242,0.0143401637798,imputed_global_median_observed_pm25_lb_per_mwh,deq_emission_factors_observed_median,,12.901826484,,4,True,True,https://www.deq.virginia.gov/news-info/shortcuts/permits/air/issued-air-permits-for-data-centers,data/raw/deq/pdfs/74242-2_Vantage_Data_Centers_VA2_LLC.pdf,At least one headline value is imputed from global observed medians for smoke/central baseline coverage.,899.698684207,-77.428123102601,38.997758196487,True,Non_Exact,"22318 GLENN DR, STERLING, VA, 20164",3606,area_pop_003606
VA_DEQ_74244_SITE_01,deq_va_deq_74244_site_01,deq_va_deq_74244_site_01_gensets,74244,"21320 Beaumeade Circle Ashburn, VA 20147",21320 Beaumeade Circle,Ashburn,20147,15m,2.70657894736,imputed_from_pm25_budget_divided_by_pm25_factor,pm25_budget_and_factor,0.0388127853881,permit_extracted_pm25_budget,deq_permit_74244,0.0143401637798,imputed_global_median_observed_pm25_lb_per_mwh,deq_emission_factors_observed_median,,0.0388127853881,,4,True,True,https://www.deq.virginia.gov/news-info/shortcuts/permits/air/issued-air-permits-for-data-centers,data/raw/deq/pdfs/74244-2_Amazon_Data_Services_Inc_IAD-169_179.pdf,At least one headline value is imputed from global observed medians for smoke/central baseline coverage.,2.70657894736,-77.452319023051,39.015062412934,True,Exact,"21320 BEAUMEADE CIR, ASHBURN, VA, 20147",3677,area_pop_003677
VA_DEQ_74244_SITE_02,deq_va_deq_74244_site_02,deq_va_deq_74244_site_02_gensets,74244,"21310 Beaumeade Circle Ashburn, VA 20147",21310 Beaumeade Circle,Ashburn,20147,15m,2.70657894736,imputed_from_pm25_budget_divided_by_pm25_factor,pm25_budget_and_factor,0.0388127853881,permit_extracted_pm25_budget,deq_permit_74244,0.0143401637798,imputed_global_median_observed_pm25_lb_per_mwh,deq_emission_factors_observed_median,,0.0388127853881,,4,True,True,https://www.deq.virginia.gov/news-info/shortcuts/permits/air/issued-air-permits-for-data-centers,data/raw/deq/pdfs/74244-2_Amazon_Data_Services_Inc_IAD-169_179.pdf,At least one headline value is imputed from global observed medians for smoke/central baseline coverage.,2.70657894736,-77.452595251556,39.014900925499,True,Exact,"21310 BEAUMEADE CIR, ASHBURN, VA, 20147",3677,area_pop_003677
VA_DEQ_74246_SITE_01,deq_va_deq_74246_site_01,deq_va_deq_74246_site_01_gensets,74246,9101 Freedom Center Boulevard Manassas VA 20110,9101 Freedom Center Boulevard,Manassas,20110,15m,12.8960526315,imputed_from_pm25_budget_divided_by_pm25_factor,pm25_budget_and_factor,0.184931506849,permit_extracted_pm25_budget,deq_permit_74246,0.0143401637798,imputed_global_median_observed_pm25_lb_per_mwh,deq_emission_factors_observed_median,,0.184931506849,,4,True,True,https://www.deq.virginia.gov/news-info/shortcuts/permits/air/issued-air-permits-for-data-centers,"data/raw/deq/pdfs/74246-2_SI_NVA05A,_LLC_and_SI_NVA05D,_LLC.pdf",At least one headline value is imputed from global observed medians for smoke/central baseline coverage.,12.8960526315,-77.517709865309,38.758810729784,True,Exact,"9101 FREEDOM CENTER BLVD, MANASSAS, VA, 20110",2675,area_pop_002675
VA_DEQ_74247_SITE_01,deq_va_deq_74247_site_01,deq_va_deq_74247_site_01_gensets,74247,22715 Relocation Drive Sterling VA 20166,22715 Relocation Drive,Sterling,20166,15m,27.8618421052,imputed_from_pm25_budget_divided_by_pm25_factor,pm25_budget_and_factor,0.399543378995,permit_extracted_pm25_budget,deq_permit_74247,0.0143401637798,imputed_global_median_observed_pm25_lb_per_mwh,deq_emission_factors_observed_median,,0.399543378995,,4,True,True,https://www.deq.virginia.gov/news-info/shortcuts/permits/air/issued-air-permits-for-data-centers,data/raw/deq/pdfs/74247-1_Aligned_Data_Centers_IAD03.pdf,At least one headline value is imputed from global observed medians for smoke/central baseline coverage.,27.8618421052,-77.439342398453,38.989056314393,True,Exact,"22715 RELOCATION DR, STERLING, VA, 20166",3529,area_pop_003529
VA_DEQ_74250_SITE_01,deq_va_deq_74250_site_01,deq_va_deq_74250_site_01_gensets,74250,"43920 Lone Cedar Lane Chantilly, VA 20152",43920 Lone Cedar Lane,Chantilly,20152,15m,90.7499999995,imputed_from_pm25_budget_divided_by_pm25_factor,pm25_budget_and_factor,1.30136986301,permit_extracted_pm25_budget,deq_permit_74250,0.0143401637798,imputed_global_median_observed_pm25_lb_per_mwh,deq_emission_factors_observed_median,,1.30136986301,,4,True,True,https://www.deq.virginia.gov/news-info/shortcuts/permits/air/issued-air-permits-for-data-centers,data/raw/deq/pdfs/74250-2_Amazon_Data_Services_Inc_IAD-156_IAD-157_IAD-158_IAD-159_IAD-327.pdf,At least one headline value is imputed from global observed medians for smoke/central baseline coverage.,90.7499999995,-77.5191754,38.8998474,True,zip_centroid_approx,ZCTA centroid 20152,3176,area_pop_003176
VA_DEQ_74250_SITE_02,deq_va_deq_74250_site_02,deq_va_deq_74250_site_02_gensets,74250,"25190 Meadowdale Drive Chantilly, VA 20152",25190 Meadowdale Drive,Chantilly,20152,15m,90.7499999995,imputed_from_pm25_budget_divided_by_pm25_factor,pm25_budget_and_factor,1.30136986301,permit_extracted_pm25_budget,deq_permit_74250,0.0143401637798,imputed_global_median_observed_pm25_lb_per_mwh,deq_emission_factors_observed_median,,1.30136986301,,4,True,True,https://www.deq.virginia.gov/news-info/shortcuts/permits/air/issued-air-permits-for-data-centers,data/raw/deq/pdfs/74250-2_Amazon_Data_Services_Inc_IAD-156_IAD-157_IAD-158_IAD-159_IAD-327.pdf,At least one headline value is imputed from global observed medians for smoke/central baseline coverage.,90.7499999995,-77.5191754,38.8998474,True,zip_centroid_approx,ZCTA centroid 20152,3176,area_pop_003176
VA_DEQ_74250_SITE_03,deq_va_deq_74250_site_03,deq_va_deq_74250_site_03_gensets,74250,"25410 Meadowdale Drive Chantilly, VA 20152",25410 Meadowdale Drive,Chantilly,20152,15m,90.7499999995,imputed_from_pm25_budget_divided_by_pm25_factor,pm25_budget_and_factor,1.30136986301,permit_extracted_pm25_budget,deq_permit_74250,0.0143401637798,imputed_global_median_observed_pm25_lb_per_mwh,deq_emission_factors_observed_median,,1.30136986301,,4,True,True,https://www.deq.virginia.gov/news-info/shortcuts/permits/air/issued-air-permits-for-data-centers,data/raw/deq/pdfs/74250-2_Amazon_Data_Services_Inc_IAD-156_IAD-157_IAD-158_IAD-159_IAD-327.pdf,At least one headline value is imputed from global observed medians for smoke/central baseline coverage.,90.7499999995,-77.5191754,38.8998474,True,zip_centroid_approx,ZCTA centroid 20152,3176,area_pop_003176
VA_DEQ_74252_SITE_01,deq_va_deq_74252_site_01,deq_va_deq_74252_site_01_gensets,74252,"44725 Gigabit Plaza Ashburn, VA 20147",44725 Gigabit Plaza,Ashburn,20147,15m,63.2065789472,imputed_from_pm25_budget_divided_by_pm25_factor,pm25_budget_and_factor,0.906392694064,permit_extracted_pm25_budget,deq_permit_74252,0.0143401637798,imputed_global_median_observed_pm25_lb_per_mwh,deq_emission_factors_observed_median,,0.906392694064,,4,True,True,https://www.deq.virginia.gov/news-info/shortcuts/permits/air/issued-air-permits-for-data-centers,data/raw/deq/pdfs/74252-2_Amazon_Data_Services_IAD-215.pdf,At least one headline value is imputed from global observed medians for smoke/central baseline coverage.,63.2065789472,-77.4795846,39.041507,True,zip_centroid_approx,ZCTA centroid 20147,3723,area_pop_003723
VA_DEQ_74260_SITE_01,deq_va_deq_74260_site_01,deq_va_deq_74260_site_01_gensets,74260,"7253 Grove Hill Road Gainesville, VA 20155",7253 Grove Hill Road,Gainesville,20155,15m,46.1710526315,imputed_from_pm25_budget_divided_by_pm25_factor,pm25_budget_and_factor,0.662100456621,permit_extracted_pm25_budget,deq_permit_74260,0.0143401637798,imputed_global_median_observed_pm25_lb_per_mwh,deq_emission_factors_observed_median,,0.662100456621,,4,True,True,https://www.deq.virginia.gov/news-info/shortcuts/permits/air/issued-air-permits-for-data-centers,data/raw/deq/pdfs/74260-2_NTT_Global_Data_Centers_VA10_LLC.pdf,At least one headline value is imputed from global observed medians for smoke/central baseline coverage.,46.1710526315,-77.6214881,38.8064155,True,zip_centroid_approx,ZCTA centroid 20155,2772,area_pop_002772
VA_DEQ_74260_SITE_02,deq_va_deq_74260_site_02,deq_va_deq_74260_site_02_gensets,74260,"7251 Grove Hill Road Gainesville, VA 20155",7251 Grove Hill Road,Gainesville,20155,15m,46.1710526315,imputed_from_pm25_budget_divided_by_pm25_factor,pm25_budget_and_factor,0.662100456621,permit_extracted_pm25_budget,deq_permit_74260,0.0143401637798,imputed_global_median_observed_pm25_lb_per_mwh,deq_emission_factors_observed_median,,0.662100456621,,4,True,True,https://www.deq.virginia.gov/news-info/shortcuts/permits/air/issued-air-permits-for-data-centers,data/raw/deq/pdfs/74260-2_NTT_Global_Data_Centers_VA10_LLC.pdf,At least one headline value is imputed from global observed medians for smoke/central baseline coverage.,46.1710526315,-77.6214881,38.8064155,True,zip_centroid_approx,ZCTA centroid 20155,2772,area_pop_002772
VA_DEQ_74262_SITE_01,deq_va_deq_74262_site_01,deq_va_deq_74262_site_01_gensets,74262,"9905 Godwin Dr Manassas, Virginia 20110",9905 Godwin Dr,Manassas,20110,15m,58.9078947367,imputed_from_pm25_budget_divided_by_pm25_factor,pm25_budget_and_factor,0.844748858447,imputed_city_median_pm25_budget,city_median_pm25_budget,0.0143401637798,imputed_global_median_observed_pm25_lb_per_mwh,deq_emission_factors_observed_median,,,,4,True,True,https://www.deq.virginia.gov/news-info/shortcuts/permits/air/issued-air-permits-for-data-centers,"data/raw/deq/pdfs/74262-3_Digital_Third_Second_Manassas,_LLC_&_Digital_Carver_Brickyard,_LLC.pdf",At least one headline value is imputed from global observed medians for smoke/central baseline coverage.,58.9078947367,-77.506768871888,38.740680462023,True,Exact,"9905 GODWIN DR, MANASSAS, VA, 20110",2633,area_pop_002633
VA_DEQ_74262_SITE_02,deq_va_deq_74262_site_02,deq_va_deq_74262_site_02_gensets,74262,"10050 Brickyard Way Manassas, Virginia 20110",10050 Brickyard Way,Manassas,20110,15m,58.9078947367,imputed_from_pm25_budget_divided_by_pm25_factor,pm25_budget_and_factor,0.844748858447,imputed_city_median_pm25_budget,city_median_pm25_budget,0.0143401637798,imputed_global_median_observed_pm25_lb_per_mwh,deq_emission_factors_observed_median,,,,4,True,True,https://www.deq.virginia.gov/news-info/shortcuts/permits/air/issued-air-permits-for-data-centers,"data/raw/deq/pdfs/74262-3_Digital_Third_Second_Manassas,_LLC_&_Digital_Carver_Brickyard,_LLC.pdf",At least one headline value is imputed from global observed medians for smoke/central baseline coverage.,58.9078947367,-77.4869993,38.7463583,True,zip_centroid_approx,ZCTA centroid 20110,2634,area_pop_002634
VA_DEQ_74262_SITE_03,deq_va_deq_74262_site_03,deq_va_deq_74262_site_03_gensets,74262,"10051 Brickyard Way Manassas, Virginia 20110",10051 Brickyard Way,Manassas,20110,15m,58.9078947367,imputed_from_pm25_budget_divided_by_pm25_factor,pm25_budget_and_factor,0.844748858447,imputed_city_median_pm25_budget,city_median_pm25_budget,0.0143401637798,imputed_global_median_observed_pm25_lb_per_mwh,deq_emission_factors_observed_median,,,,4,True,True,https://www.deq.virginia.gov/news-info/shortcuts/permits/air/issued-air-permits-for-data-centers,"data/raw/deq/pdfs/74262-3_Digital_Third_Second_Manassas,_LLC_&_Digital_Carver_Brickyard,_LLC.pdf",At least one headline value is imputed from global observed medians for smoke/central baseline coverage.,58.9078947367,-77.4869993,38.7463583,True,zip_centroid_approx,ZCTA centroid 20110,2634,area_pop_002634
VA_DEQ_74264_SITE_01,deq_va_deq_74264_site_01,deq_va_deq_74264_site_01_gensets,74264,22588 Relocation Drive Sterling Virginia 20166,22588 Relocation Drive,Sterling,20166,15m,111.765789474,imputed_from_pm25_budget_divided_by_pm25_factor,pm25_budget_and_factor,1.60273972603,permit_extracted_pm25_budget,deq_permit_74264,0.0143401637798,imputed_global_median_observed_pm25_lb_per_mwh,deq_emission_factors_observed_median,,1.60273972603,,4,True,True,https://www.deq.virginia.gov/news-info/shortcuts/permits/air/issued-air-permits-for-data-centers,data/raw/deq/pdfs/74264-2_Digital_Realty_-_Sterling_Premiere_LLC.pdf,At least one headline value is imputed from global observed medians for smoke/central baseline coverage.,111.765789474,-77.435661439265,38.993380992623,True,Exact,"22588 RELOCATION DR, STERLING, VA, 20166",3606,area_pop_003606
VA_DEQ_74265_SITE_01,deq_va_deq_74265_site_01,deq_va_deq_74265_site_01_gensets,74265,24171 Youngwood Lane Aldie Virginia 20105,24171 Youngwood Lane,Aldie,20105,15m,59.2263157893,imputed_from_pm25_budget_divided_by_pm25_factor,pm25_budget_and_factor,0.849315068493,permit_extracted_pm25_budget,deq_permit_74265,0.0143401637798,imputed_global_median_observed_pm25_lb_per_mwh,deq_emission_factors_observed_median,,0.849315068493,,4,True,True,https://www.deq.virginia.gov/news-info/shortcuts/permits/air/issued-air-permits-for-data-centers,data/raw/deq/pdfs/74265-2_Yondr_Data_Center.pdf,At least one headline value is imputed from global observed medians for smoke/central baseline coverage.,59.2263157893,-77.548250201944,38.950165858362,True,Exact,"24171 YOUNGWOOD LN, ALDIE, VA, 20105",3438,area_pop_003438
VA_DEQ_74270_SITE_01,deq_va_deq_74270_site_01,deq_va_deq_74270_site_01_gensets,74270,20420 Germanna Hwy Stevensburg VA 22741,20420 Germanna Hwy,Stevensburg,22741,15m,56.0421052631,imputed_from_pm25_budget_divided_by_pm25_factor,pm25_budget_and_factor,0.803652968037,permit_extracted_pm25_budget,deq_permit_74270,0.0143401637798,imputed_global_median_observed_pm25_lb_per_mwh,deq_emission_factors_observed_median,,0.803652968037,,4,True,True,https://www.deq.virginia.gov/news-info/shortcuts/permits/air/issued-air-permits-for-data-centers,data/raw/deq/pdfs/74270-1_Amazon_Data_Services_Inc_-_DCA-060.pdf,At least one headline value is imputed from global observed medians for smoke/central baseline coverage.,56.0421052631,-77.878478598937,38.443368536091,True,Exact,"20420 GERMANNA HWY, STEVENSBURG, VA, 22741",2275,area_pop_002275
VA_DEQ_74272_SITE_01,deq_va_deq_74272_site_01,deq_va_deq_74272_site_01_gensets,74272,7961 Loisdale Rd Springfield VA 22150,7961 Loisdale Rd,Springfield,22150,15m,56.0421052631,imputed_from_pm25_budget_divided_by_pm25_factor,pm25_budget_and_factor,0.803652968037,permit_extracted_pm25_budget,deq_permit_74272,0.0143401637798,imputed_global_median_observed_pm25_lb_per_mwh,deq_emission_factors_observed_median,,0.803652968037,,4,True,True,https://www.deq.virginia.gov/news-info/shortcuts/permits/air/issued-air-permits-for-data-centers,data/raw/deq/pdfs/74272-1_Amazon_Data_Services_Inc_-_DCA-64.pdf,At least one headline value is imputed from global observed medians for smoke/central baseline coverage.,56.0421052631,-77.18756790393,38.741425326933,True,Exact,"7961 LOISDALE RD, SPRINGFIELD, VA, 22150",2641,area_pop_002641
VA_DEQ_74273_SITE_01,deq_va_deq_74273_site_01,deq_va_deq_74273_site_01_gensets,74273,"13640 EDS Drive Herndon, VA 20171",13640 EDS Drive,Herndon,20171,15m,57.1565789472,imputed_from_pm25_budget_divided_by_pm25_factor,pm25_budget_and_factor,0.819634703196,permit_extracted_pm25_budget,deq_permit_74273,0.0143401637798,imputed_global_median_observed_pm25_lb_per_mwh,deq_emission_factors_observed_median,,0.819634703196,,4,True,True,https://www.deq.virginia.gov/news-info/shortcuts/permits/air/issued-air-permits-for-data-centers,data/raw/deq/pdfs/74273-1_Amazon_Data_Services_Inc_-_IAD-165_166_167_168_613.pdf,At least one headline value is imputed from global observed medians for smoke/central baseline coverage.,57.1565789472,-77.425069669167,38.924729320371,True,Exact,"13640 EDS DR, HERNDON, VA, 20171",3273,area_pop_003273
VA_DEQ_74273_SITE_02,deq_va_deq_74273_site_02,deq_va_deq_74273_site_02_gensets,74273,"13620 EDS Drive Herndon, VA 20171",13620 EDS Drive,Herndon,20171,15m,57.1565789472,imputed_from_pm25_budget_divided_by_pm25_factor,pm25_budget_and_factor,0.819634703196,permit_extracted_pm25_budget,deq_permit_74273,0.0143401637798,imputed_global_median_observed_pm25_lb_per_mwh,deq_emission_factors_observed_median,,0.819634703196,,4,True,True,https://www.deq.virginia.gov/news-info/shortcuts/permits/air/issued-air-permits-for-data-centers,data/raw/deq/pdfs/74273-1_Amazon_Data_Services_Inc_-_IAD-165_166_167_168_613.pdf,At least one headline value is imputed from global observed medians for smoke/central baseline coverage.,57.1565789472,-77.425700969375,38.925083599337,True,Exact,"13620 EDS DR, HERNDON, VA, 20171",3273,area_pop_003273
VA_DEQ_74273_SITE_03,deq_va_deq_74273_site_03,deq_va_deq_74273_site_03_gensets,74273,"13630 EDS Drive Herndon, VA 20171",13630 EDS Drive,Herndon,20171,15m,57.1565789472,imputed_from_pm25_budget_divided_by_pm25_factor,pm25_budget_and_factor,0.819634703196,permit_extracted_pm25_budget,deq_permit_74273,0.0143401637798,imputed_global_median_observed_pm25_lb_per_mwh,deq_emission_factors_observed_median,,0.819634703196,,4,True,True,https://www.deq.virginia.gov/news-info/shortcuts/permits/air/issued-air-permits-for-data-centers,data/raw/deq/pdfs/74273-1_Amazon_Data_Services_Inc_-_IAD-165_166_167_168_613.pdf,At least one headline value is imputed from global observed medians for smoke/central baseline coverage.,57.1565789472,-77.425393991411,38.92488957375,True,Exact,"13630 EDS DR, HERNDON, VA, 20171",3273,area_pop_003273
VA_DEQ_74273_SITE_04,deq_va_deq_74273_site_04,deq_va_deq_74273_site_04_gensets,74273,"13610 EDS Drive Herndon, VA 20171",13610 EDS Drive,Herndon,20171,15m,57.1565789472,imputed_from_pm25_budget_divided_by_pm25_factor,pm25_budget_and_factor,0.819634703196,permit_extracted_pm25_budget,deq_permit_74273,0.0143401637798,imputed_global_median_observed_pm25_lb_per_mwh,deq_emission_factors_observed_median,,0.819634703196,,4,True,True,https://www.deq.virginia.gov/news-info/shortcuts/permits/air/issued-air-permits-for-data-centers,data/raw/deq/pdfs/74273-1_Amazon_Data_Services_Inc_-_IAD-165_166_167_168_613.pdf,At least one headline value is imputed from global observed medians for smoke/central baseline coverage.,57.1565789472,-77.425967262308,38.925313093057,True,Exact,"13610 EDS DR, HERNDON, VA, 20171",3273,area_pop_003273
VA_DEQ_74273_SITE_05,deq_va_deq_74273_site_05,deq_va_deq_74273_site_05_gensets,74273,"13650 EDS Drive Herndon, VA 20171",13650 EDS Drive,Herndon,20171,15m,57.1565789472,imputed_from_pm25_budget_divided_by_pm25_factor,pm25_budget_and_factor,0.819634703196,permit_extracted_pm25_budget,deq_permit_74273,0.0143401637798,imputed_global_median_observed_pm25_lb_per_mwh,deq_emission_factors_observed_median,,0.819634703196,,4,True,True,https://www.deq.virginia.gov/news-info/shortcuts/permits/air/issued-air-permits-for-data-centers,data/raw/deq/pdfs/74273-1_Amazon_Data_Services_Inc_-_IAD-165_166_167_168_613.pdf,At least one headline value is imputed from global observed medians for smoke/central baseline coverage.,57.1565789472,-77.424745346923,38.924569066992,True,Exact,"13650 EDS DR, HERNDON, VA, 20171",3273,area_pop_003273
VA_DEQ_74274_SITE_01,deq_va_deq_74274_site_01,deq_va_deq_74274_site_01_gensets,74274,"24214 Quail Ridge Lane Aldie, VA 20105",24214 Quail Ridge Lane,Aldie,20105,15m,42.1907894736,imputed_from_pm25_budget_divided_by_pm25_factor,pm25_budget_and_factor,0.60502283105,permit_extracted_pm25_budget,deq_permit_74274,0.0143401637798,imputed_global_median_observed_pm25_lb_per_mwh,deq_emission_factors_observed_median,,0.60502283105,,4,True,True,https://www.deq.virginia.gov/news-info/shortcuts/permits/air/issued-air-permits-for-data-centers,data/raw/deq/pdfs/74274-1_Amazon_Data_Services_Inc_IAD-124_125_126_127.pdf,At least one headline value is imputed from global observed medians for smoke/central baseline coverage.,42.1907894736,-77.558928015722,38.945427466089,True,Exact,"24214 QUAIL RIDGE LN, ALDIE, VA, 20105",3348,area_pop_003348
VA_DEQ_74274_SITE_02,deq_va_deq_74274_site_02,deq_va_deq_74274_site_02_gensets,74274,"24224 Quail Ridge Lane Aldie, VA 20105",24224 Quail Ridge Lane,Aldie,20105,15m,42.1907894736,imputed_from_pm25_budget_divided_by_pm25_factor,pm25_budget_and_factor,0.60502283105,permit_extracted_pm25_budget,deq_permit_74274,0.0143401637798,imputed_global_median_observed_pm25_lb_per_mwh,deq_emission_factors_observed_median,,0.60502283105,,4,True,True,https://www.deq.virginia.gov/news-info/shortcuts/permits/air/issued-air-permits-for-data-centers,data/raw/deq/pdfs/74274-1_Amazon_Data_Services_Inc_IAD-124_125_126_127.pdf,At least one headline value is imputed from global observed medians for smoke/central baseline coverage.,42.1907894736,-77.558888944631,38.945581264158,True,Exact,"24224 QUAIL RIDGE LN, ALDIE, VA, 20105",3348,area_pop_003348
VA_DEQ_74274_SITE_03,deq_va_deq_74274_site_03,deq_va_deq_74274_site_03_gensets,74274,"24234 Quail Ridge Lane Aldie, VA 20105",24234 Quail Ridge Lane,Aldie,20105,15m,42.1907894736,imputed_from_pm25_budget_divided_by_pm25_factor,pm25_budget_and_factor,0.60502283105,permit_extracted_pm25_budget,deq_permit_74274,0.0143401637798,imputed_global_median_observed_pm25_lb_per_mwh,deq_emission_factors_observed_median,,0.60502283105,,4,True,True,https://www.deq.virginia.gov/news-info/shortcuts/permits/air/issued-air-permits-for-data-centers,data/raw/deq/pdfs/74274-1_Amazon_Data_Services_Inc_IAD-124_125_126_127.pdf,At least one headline value is imputed from global observed medians for smoke/central baseline coverage.,42.1907894736,-77.558852825365,38.945734076416,True,Exact,"24234 QUAIL RIDGE LN, ALDIE, VA, 20105",3348,area_pop_003348
VA_DEQ_74274_SITE_04,deq_va_deq_74274_site_04,deq_va_deq_74274_site_04_gensets,74274,"24244 Quail Ridge Lane Aldie, VA 20105",24244 Quail Ridge Lane,Aldie,20105,15m,42.1907894736,imputed_from_pm25_budget_divided_by_pm25_factor,pm25_budget_and_factor,0.60502283105,permit_extracted_pm25_budget,deq_permit_74274,0.0143401637798,imputed_global_median_observed_pm25_lb_per_mwh,deq_emission_factors_observed_median,,0.60502283105,,4,True,True,https://www.deq.virginia.gov/news-info/shortcuts/permits/air/issued-air-permits-for-data-centers,data/raw/deq/pdfs/74274-1_Amazon_Data_Services_Inc_IAD-124_125_126_127.pdf,At least one headline value is imputed from global observed medians for smoke/central baseline coverage.,42.1907894736,-77.558816706098,38.945886888675,True,Exact,"24244 QUAIL RIDGE LN, ALDIE, VA, 20105",3348,area_pop_003348
VA_DEQ_74276_SITE_01,deq_va_deq_74276_site_01,deq_va_deq_74276_site_01_gensets,74276,21800 Beaumeade Circle Ashburn VA 20147,21800 Beaumeade Circle,Ashburn,20147,15m,18.9460526315,imputed_from_pm25_budget_divided_by_pm25_factor,pm25_budget_and_factor,0.271689497717,permit_extracted_pm25_budget,deq_permit_74276,0.0143401637798,imputed_global_median_observed_pm25_lb_per_mwh,deq_emission_factors_observed_median,,0.271689497717,,4,True,True,https://www.deq.virginia.gov/news-info/shortcuts/permits/air/issued-air-permits-for-data-centers,data/raw/deq/pdfs/74276-1_H5_Data_Centers_-_Ashburn.pdf,At least one headline value is imputed from global observed medians for smoke/central baseline coverage.,18.9460526315,-77.455139166693,39.015402010534,True,Exact,"21800 BEAUMEADE CIR, ASHBURN, VA, 20147",3676,area_pop_003676
VA_DEQ_74277_SITE_01,deq_va_deq_74277_site_01,deq_va_deq_74277_site_01_gensets,74277,"14495 John Marshall Highway Gainesville, Virginia 20155",14495 John Marshall Highway,Gainesville,20155,15m,63.2065789472,imputed_from_pm25_budget_divided_by_pm25_factor,pm25_budget_and_factor,0.906392694064,permit_extracted_pm25_budget,deq_permit_74277,0.0143401637798,imputed_global_median_observed_pm25_lb_per_mwh,deq_emission_factors_observed_median,,0.906392694064,,4,True,True,https://www.deq.virginia.gov/news-info/shortcuts/permits/air/issued-air-permits-for-data-centers,data/raw/deq/pdfs/74277-2_Amazon_Data_Services_Inc_IAD-195_196_197_198.pdf,At least one headline value is imputed from global observed medians for smoke/central baseline coverage.,63.2065789472,-77.621773773941,38.80488268402,True,Exact,"14495 JOHN MARSHALL HWY, GAINESVILLE, VA, 20155",2772,area_pop_002772
VA_DEQ_74277_SITE_02,deq_va_deq_74277_site_02,deq_va_deq_74277_site_02_gensets,74277,"14475 John Marshall Highway Gainesville, Virginia 20155",14475 John Marshall Highway,Gainesville,20155,15m,63.2065789472,imputed_from_pm25_budget_divided_by_pm25_factor,pm25_budget_and_factor,0.906392694064,permit_extracted_pm25_budget,deq_permit_74277,0.0143401637798,imputed_global_median_observed_pm25_lb_per_mwh,deq_emission_factors_observed_median,,0.906392694064,,4,True,True,https://www.deq.virginia.gov/news-info/shortcuts/permits/air/issued-air-permits-for-data-centers,data/raw/deq/pdfs/74277-2_Amazon_Data_Services_Inc_IAD-195_196_197_198.pdf,At least one headline value is imputed from global observed medians for smoke/central baseline coverage.,63.2065789472,-77.621421400408,38.804621130008,True,Exact,"14475 JOHN MARSHALL HWY, GAINESVILLE, VA, 20155",2772,area_pop_002772
VA_DEQ_74277_SITE_03,deq_va_deq_74277_site_03,deq_va_deq_74277_site_03_gensets,74277,"14455 John Marshall Highway Gainesville, Virginia 20155",14455 John Marshall Highway,Gainesville,20155,15m,63.2065789472,imputed_from_pm25_budget_divided_by_pm25_factor,pm25_budget_and_factor,0.906392694064,permit_extracted_pm25_budget,deq_permit_74277,0.0143401637798,imputed_global_median_observed_pm25_lb_per_mwh,deq_emission_factors_observed_median,,0.906392694064,,4,True,True,https://www.deq.virginia.gov/news-info/shortcuts/permits/air/issued-air-permits-for-data-centers,data/raw/deq/pdfs/74277-2_Amazon_Data_Services_Inc_IAD-195_196_197_198.pdf,At least one headline value is imputed from global observed medians for smoke/central baseline coverage.,63.2065789472,-77.621095283634,38.804340285161,True,Exact,"14455 JOHN MARSHALL HWY, GAINESVILLE, VA, 20155",2772,area_pop_002772
VA_DEQ_74277_SITE_04,deq_va_deq_74277_site_04,deq_va_deq_74277_site_04_gensets,74277,"14435 John Marshall Highway Gainesville, Virginia 20155",14435 John Marshall Highway,Gainesville,20155,15m,63.2065789472,imputed_from_pm25_budget_divided_by_pm25_factor,pm25_budget_and_factor,0.906392694064,permit_extracted_pm25_budget,deq_permit_74277,0.0143401637798,imputed_global_median_observed_pm25_lb_per_mwh,deq_emission_factors_observed_median,,0.906392694064,,4,True,True,https://www.deq.virginia.gov/news-info/shortcuts/permits/air/issued-air-permits-for-data-centers,data/raw/deq/pdfs/74277-2_Amazon_Data_Services_Inc_IAD-195_196_197_198.pdf,At least one headline value is imputed from global observed medians for smoke/central baseline coverage.,63.2065789472,-77.620781926074,38.804048497657,True,Exact,"14435 JOHN MARSHALL HWY, GAINESVILLE, VA, 20155",2772,area_pop_002772
VA_DEQ_74278_SITE_01,deq_va_deq_74278_site_01,deq_va_deq_74278_site_01_gensets,74278,"11580 Hayden Road Manassas, Virginia 20109",11580 Hayden Road,Manassas,20109,15m,63.2065789472,imputed_from_pm25_budget_divided_by_pm25_factor,pm25_budget_and_factor,0.906392694064,permit_extracted_pm25_budget,deq_permit_74278,0.0143401637798,imputed_global_median_observed_pm25_lb_per_mwh,deq_emission_factors_observed_median,,0.906392694064,,4,True,True,https://www.deq.virginia.gov/news-info/shortcuts/permits/air/issued-air-permits-for-data-centers,data/raw/deq/pdfs/74278-1_Amazon_Data_Services_Inc_IAD-210_211.pdf,At least one headline value is imputed from global observed medians for smoke/central baseline coverage.,63.2065789472,-77.544321673156,38.773639302209,True,Exact,"11580 HAYDEN RD, MANASSAS, VA, 20109",2718,area_pop_002718
VA_DEQ_74278_SITE_02,deq_va_deq_74278_site_02,deq_va_deq_74278_site_02_gensets,74278,"11600 Hayden Road Manassas, Virginia 20109",11600 Hayden Road,Manassas,20109,15m,63.2065789472,imputed_from_pm25_budget_divided_by_pm25_factor,pm25_budget_and_factor,0.906392694064,permit_extracted_pm25_budget,deq_permit_74278,0.0143401637798,imputed_global_median_observed_pm25_lb_per_mwh,deq_emission_factors_observed_median,,0.906392694064,,4,True,True,https://www.deq.virginia.gov/news-info/shortcuts/permits/air/issued-air-permits-for-data-centers,data/raw/deq/pdfs/74278-1_Amazon_Data_Services_Inc_IAD-210_211.pdf,At least one headline value is imputed from global observed medians for smoke/central baseline coverage.,63.2065789472,-77.54404157132,38.773462622552,True,Exact,"11600 HAYDEN RD, MANASSAS, VA, 20109",2718,area_pop_002718
VA_DEQ_74284_SITE_01,deq_va_deq_74284_site_01,deq_va_deq_74284_site_01_gensets,74284,19590 Belmont Ridge Road Ashburn VA 20147,19590 Belmont Ridge Road,Ashburn,20147,15m,14.3289473684,imputed_from_pm25_budget_divided_by_pm25_factor,pm25_budget_and_factor,0.205479452055,permit_extracted_pm25_budget,deq_permit_74284,0.0143401637798,imputed_global_median_observed_pm25_lb_per_mwh,deq_emission_factors_observed_median,,0.205479452055,,4,True,True,https://www.deq.virginia.gov/news-info/shortcuts/permits/air/issued-air-permits-for-data-centers,data/raw/deq/pdfs/74284-2_Vantage_Data_Center_VA3_LLC.pdf,At least one headline value is imputed from global observed medians for smoke/central baseline coverage.,14.3289473684,-77.4795846,39.041507,True,zip_centroid_approx,ZCTA centroid 20147,3723,area_pop_003723
VA_DEQ_74287_SITE_01,deq_va_deq_74287_site_01,deq_va_deq_74287_site_01_gensets,74287,22321 Pacific Blvd Sterling VA 20166,22321 Pacific Blvd,Sterling,20166,15m,44.2605263157,imputed_from_pm25_budget_divided_by_pm25_factor,pm25_budget_and_factor,0.634703196347,permit_extracted_pm25_budget,deq_permit_74287,0.0143401637798,imputed_global_median_observed_pm25_lb_per_mwh,deq_emission_factors_observed_median,,0.634703196347,,4,True,True,https://www.deq.virginia.gov/news-info/shortcuts/permits/air/issued-air-permits-for-data-centers,data/raw/deq/pdfs/74287-1_Vantage_Data_Centers_VA16_LLC.pdf,At least one headline value is imputed from global observed medians for smoke/central baseline coverage.,44.2605263157,-77.4637354,38.971441,True,zip_centroid_approx,ZCTA centroid 20166,3528,area_pop_003528
VA_DEQ_74288_SITE_01,deq_va_deq_74288_site_01,deq_va_deq_74288_site_01_gensets,74288,3901 Massaponax Church Road Fredericksburg VA 22408,3901 Massaponax Church Road,Fredericksburg,22408,15m,34.7078947367,imputed_from_pm25_budget_divided_by_pm25_factor,pm25_budget_and_factor,0.497716894977,permit_extracted_pm25_budget,deq_permit_74288,0.0143401637798,imputed_global_median_observed_pm25_lb_per_mwh,deq_emission_factors_observed_median,,0.497716894977,,4,True,True,https://www.deq.virginia.gov/news-info/shortcuts/permits/air/issued-air-permits-for-data-centers,data/raw/deq/pdfs/74288-2_Amazon_Data_Services_Inc._IAD450_Cosner_Tech_Campus.pdf,At least one headline value is imputed from global observed medians for smoke/central baseline coverage.,34.7078947367,-77.469448597735,38.203421029778,True,Exact,"3901 MASSAPONAX CHURCH RD, FREDERICKSBURG, VA, 22408",2034,area_pop_002034
VA_DEQ_74290_SITE_01,deq_va_deq_74290_site_01,deq_va_deq_74290_site_01_gensets,74290,21529 Beaumeade Circle Ashburn VA 20147,21529 Beaumeade Circle,Ashburn,20147,15m,32.4789473684,imputed_from_pm25_budget_divided_by_pm25_factor,pm25_budget_and_factor,0.465753424658,permit_extracted_pm25_budget,deq_permit_74290,0.0143401637798,imputed_global_median_observed_pm25_lb_per_mwh,deq_emission_factors_observed_median,,0.465753424658,,4,True,True,https://www.deq.virginia.gov/news-info/shortcuts/permits/air/issued-air-permits-for-data-centers,data/raw/deq/pdfs/74290-1_CyrusOne_–_NVA14.pdf,At least one headline value is imputed from global observed medians for smoke/central baseline coverage.,32.4789473684,-77.453438017874,39.020793325097,True,Exact,"21529 BEAUMEADE CIR, ASHBURN, VA, 20147",3676,area_pop_003676
VA_DEQ_74299_SITE_01,deq_va_deq_74299_site_01,deq_va_deq_74299_site_01_gensets,74299,"230 Haley Dr Mineral, VA 23117",230 Haley Dr,Mineral,23117,15m,194.236842105,imputed_from_pm25_budget_divided_by_pm25_factor,pm25_budget_and_factor,2.78538812785,permit_extracted_pm25_budget,deq_permit_74299,0.0143401637798,imputed_global_median_observed_pm25_lb_per_mwh,deq_emission_factors_observed_median,,2.78538812785,,4,True,True,https://www.deq.virginia.gov/news-info/shortcuts/permits/air/issued-air-permits-for-data-centers,data/raw/deq/pdfs/74299-2_Amazon_Data_Services_Inc_-_IAD_-_550_Louisa_REB.pdf,At least one headline value is imputed from global observed medians for smoke/central baseline coverage.,194.236842105,-77.8736882,37.9772151,True,zip_centroid_approx,ZCTA centroid 23117,1933,area_pop_001933
VA_DEQ_74299_SITE_02,deq_va_deq_74299_site_02,deq_va_deq_74299_site_02_gensets,74299,"230 Haley Dr Mineral, VA 23117",230 Haley Dr,Mineral,23117,15m,194.236842105,imputed_from_pm25_budget_divided_by_pm25_factor,pm25_budget_and_factor,2.78538812785,permit_extracted_pm25_budget,deq_permit_74299,0.0143401637798,imputed_global_median_observed_pm25_lb_per_mwh,deq_emission_factors_observed_median,,2.78538812785,,4,True,True,https://www.deq.virginia.gov/news-info/shortcuts/permits/air/issued-air-permits-for-data-centers,data/raw/deq/pdfs/74299-2_Amazon_Data_Services_Inc_-_IAD_-_550_Louisa_REB.pdf,At least one headline value is imputed from global observed medians for smoke/central baseline coverage.,194.236842105,-77.8736882,37.9772151,True,zip_centroid_approx,ZCTA centroid 23117,1933,area_pop_001933
VA_DEQ_74300_SITE_01,deq_va_deq_74300_site_01,deq_va_deq_74300_site_01_gensets,74300,"13860 Redskin Drive Herndon, Virginia",13860 Redskin Drive,Herndon,20171,15m,91.7052631576,imputed_from_pm25_budget_divided_by_pm25_factor,pm25_budget_and_factor,1.31506849315,permit_extracted_pm25_budget,deq_permit_74300,0.0143401637798,imputed_global_median_observed_pm25_lb_per_mwh,deq_emission_factors_observed_median,,1.31506849315,,4,True,True,https://www.deq.virginia.gov/news-info/shortcuts/permits/air/issued-air-permits-for-data-centers,data/raw/deq/pdfs/74300-1_Amazon_Data_Services_Inc_-_IAD_-_500_501.pdf,At least one headline value is imputed from global observed medians for smoke/central baseline coverage.,91.7052631576,-77.42438331545,38.934084174626,True,Exact,"13860 REDSKIN DR, HERNDON, VA, 20171",3320,area_pop_003320
VA_DEQ_74300_SITE_02,deq_va_deq_74300_site_02,deq_va_deq_74300_site_02_gensets,74300,"13876 Redskin Drive Herndon, Virginia",13876 Redskin Drive,Herndon,20171,15m,91.7052631576,imputed_from_pm25_budget_divided_by_pm25_factor,pm25_budget_and_factor,1.31506849315,permit_extracted_pm25_budget,deq_permit_74300,0.0143401637798,imputed_global_median_observed_pm25_lb_per_mwh,deq_emission_factors_observed_median,,1.31506849315,,4,True,True,https://www.deq.virginia.gov/news-info/shortcuts/permits/air/issued-air-permits-for-data-centers,data/raw/deq/pdfs/74300-1_Amazon_Data_Services_Inc_-_IAD_-_500_501.pdf,At least one headline value is imputed from global observed medians for smoke/central baseline coverage.,91.7052631576,-77.424885076488,38.934444704555,True,Exact,"13876 REDSKIN DR, HERNDON, VA, 20171",3320,area_pop_003320
VA_DEQ_74301_SITE_01,deq_va_deq_74301_site_01,deq_va_deq_74301_site_01_gensets,74301,"20575 Celtic Park Drive Leesburg, Virginia",20575 Celtic Park Drive,Leesburg,20175,15m,76.1026315785,imputed_from_pm25_budget_divided_by_pm25_factor,pm25_budget_and_factor,1.09132420091,permit_extracted_pm25_budget,deq_permit_74301,0.0143401637798,imputed_global_median_observed_pm25_lb_per_mwh,deq_emission_factors_observed_median,,1.09132420091,,4,True,True,https://www.deq.virginia.gov/news-info/shortcuts/permits/air/issued-air-permits-for-data-centers,"data/raw/deq/pdfs/74301-1_Amazon_Data_Services_Inc_-_IAD-667,_IAD-668,_IAD-669,_IAD-670,_and_IAD-671.pdf",At least one headline value is imputed from global observed medians for smoke/central baseline coverage.,76.1026315785,-77.5994102,39.0640847,True,zip_centroid_approx,ZCTA centroid 20175,3767,area_pop_003767
VA_DEQ_74301_SITE_02,deq_va_deq_74301_site_02,deq_va_deq_74301_site_02_gensets,74301,"20335 Celtic Park Drive Leesburg, Virginia",20335 Celtic Park Drive,Leesburg,20175,15m,76.1026315785,imputed_from_pm25_budget_divided_by_pm25_factor,pm25_budget_and_factor,1.09132420091,permit_extracted_pm25_budget,deq_permit_74301,0.0143401637798,imputed_global_median_observed_pm25_lb_per_mwh,deq_emission_factors_observed_median,,1.09132420091,,4,True,True,https://www.deq.virginia.gov/news-info/shortcuts/permits/air/issued-air-permits-for-data-centers,"data/raw/deq/pdfs/74301-1_Amazon_Data_Services_Inc_-_IAD-667,_IAD-668,_IAD-669,_IAD-670,_and_IAD-671.pdf",At least one headline value is imputed from global observed medians for smoke/central baseline coverage.,76.1026315785,-77.5994102,39.0640847,True,zip_centroid_approx,ZCTA centroid 20175,3767,area_pop_003767
VA_DEQ_74301_SITE_03,deq_va_deq_74301_site_03,deq_va_deq_74301_site_03_gensets,74301,"42367 Patriot Park Drive Leesburg, Virginia",42367 Patriot Park Drive,Leesburg,20175,15m,76.1026315785,imputed_from_pm25_budget_divided_by_pm25_factor,pm25_budget_and_factor,1.09132420091,permit_extracted_pm25_budget,deq_permit_74301,0.0143401637798,imputed_global_median_observed_pm25_lb_per_mwh,deq_emission_factors_observed_median,,1.09132420091,,4,True,True,https://www.deq.virginia.gov/news-info/shortcuts/permits/air/issued-air-permits-for-data-centers,"data/raw/deq/pdfs/74301-1_Amazon_Data_Services_Inc_-_IAD-667,_IAD-668,_IAD-669,_IAD-670,_and_IAD-671.pdf",At least one headline value is imputed from global observed medians for smoke/central baseline coverage.,76.1026315785,-77.5994102,39.0640847,True,zip_centroid_approx,ZCTA centroid 20175,3767,area_pop_003767
VA_DEQ_74301_SITE_04,deq_va_deq_74301_site_04,deq_va_deq_74301_site_04_gensets,74301,"42590 Patriot Park Drive Leesburg, Virginia",42590 Patriot Park Drive,Leesburg,20175,15m,76.1026315785,imputed_from_pm25_budget_divided_by_pm25_factor,pm25_budget_and_factor,1.09132420091,permit_extracted_pm25_budget,deq_permit_74301,0.0143401637798,imputed_global_median_observed_pm25_lb_per_mwh,deq_emission_factors_observed_median,,1.09132420091,,4,True,True,https://www.deq.virginia.gov/news-info/shortcuts/permits/air/issued-air-permits-for-data-centers,"data/raw/deq/pdfs/74301-1_Amazon_Data_Services_Inc_-_IAD-667,_IAD-668,_IAD-669,_IAD-670,_and_IAD-671.pdf",At least one headline value is imputed from global observed medians for smoke/central baseline coverage.,76.1026315785,-77.5994102,39.0640847,True,zip_centroid_approx,ZCTA centroid 20175,3767,area_pop_003767
VA_DEQ_74301_SITE_05,deq_va_deq_74301_site_05,deq_va_deq_74301_site_05_gensets,74301,"42630 Patriot Park Drive Leesburg, Virginia",42630 Patriot Park Drive,Leesburg,20175,15m,76.1026315785,imputed_from_pm25_budget_divided_by_pm25_factor,pm25_budget_and_factor,1.09132420091,permit_extracted_pm25_budget,deq_permit_74301,0.0143401637798,imputed_global_median_observed_pm25_lb_per_mwh,deq_emission_factors_observed_median,,1.09132420091,,4,True,True,https://www.deq.virginia.gov/news-info/shortcuts/permits/air/issued-air-permits-for-data-centers,"data/raw/deq/pdfs/74301-1_Amazon_Data_Services_Inc_-_IAD-667,_IAD-668,_IAD-669,_IAD-670,_and_IAD-671.pdf",At least one headline value is imputed from global observed medians for smoke/central baseline coverage.,76.1026315785,-77.5994102,39.0640847,True,zip_centroid_approx,ZCTA centroid 20175,3767,area_pop_003767
VA_DEQ_74306_SITE_01,deq_va_deq_74306_site_01,deq_va_deq_74306_site_01_gensets,74306,45831 Maries Road Sterling VA 20166,45831 Maries Road,Sterling,20166,15m,74.8289473682,imputed_from_pm25_budget_divided_by_pm25_factor,pm25_budget_and_factor,1.07305936073,permit_extracted_pm25_budget,deq_permit_74306,0.0143401637798,imputed_global_median_observed_pm25_lb_per_mwh,deq_emission_factors_observed_median,,1.07305936073,,4,True,True,https://www.deq.virginia.gov/news-info/shortcuts/permits/air/issued-air-permits-for-data-centers,"data/raw/deq/pdfs/74306-2_MECP1_Ashburn_2,_LLC.pdf",At least one headline value is imputed from global observed medians for smoke/central baseline coverage.,74.8289473682,-77.413021144484,39.022485138941,True,Exact,"45831 MARIES RD, STERLING, VA, 20166",3678,area_pop_003678
VA_DEQ_74309_SITE_01,deq_va_deq_74309_site_01,deq_va_deq_74309_site_01_gensets,74309,"123 Old Potomac Church Road Stafford, VA 22554",123 Old Potomac Church Road,Stafford,22554,15m,41.2355263157,imputed_from_pm25_budget_divided_by_pm25_factor,pm25_budget_and_factor,0.591324200913,permit_extracted_pm25_budget,deq_permit_74309,0.0143401637798,imputed_global_median_observed_pm25_lb_per_mwh,deq_emission_factors_observed_median,,0.591324200913,,4,True,True,https://www.deq.virginia.gov/news-info/shortcuts/permits/air/issued-air-permits-for-data-centers,data/raw/deq/pdfs/74309-1_Amazon_Data_Services_Inc_IAD-350.pdf,At least one headline value is imputed from global observed medians for smoke/central baseline coverage.,41.2355263157,-77.407262462528,38.409620874853,True,Exact,"123 OLD POTOMAC CHURCH RD, STAFFORD, VA, 22554",2251,area_pop_002251
VA_DEQ_74315_SITE_01,deq_va_deq_74315_site_01,deq_va_deq_74315_site_01_gensets,74315,22425 Sous Vide Lane Sterling VA 20166,22425 Sous Vide Lane,Sterling,20166,15m,74.8289473682,imputed_from_pm25_budget_divided_by_pm25_factor,pm25_budget_and_factor,1.07305936073,permit_extracted_pm25_budget,deq_permit_74315,0.0143401637798,imputed_global_median_observed_pm25_lb_per_mwh,deq_emission_factors_observed_median,,1.07305936073,,4,True,True,https://www.deq.virginia.gov/news-info/shortcuts/permits/air/issued-air-permits-for-data-centers,"data/raw/deq/pdfs/74315-1_1501_Moran_Road_Development_Owner,_LLC.pdf",At least one headline value is imputed from global observed medians for smoke/central baseline coverage.,74.8289473682,-77.4637354,38.971441,True,zip_centroid_approx,ZCTA centroid 20166,3528,area_pop_003528
VA_DEQ_74317_SITE_01,deq_va_deq_74317_site_01,deq_va_deq_74317_site_01_gensets,74317,"9720 Dean Drive Manassas, Virginia 20110",9720 Dean Drive,Manassas,20110,15m,70.6894736842,imputed_from_pm25_budget_divided_by_pm25_factor,pm25_budget_and_factor,1.01369863014,permit_extracted_pm25_budget,deq_permit_74317,0.0143401637798,imputed_global_median_observed_pm25_lb_per_mwh,deq_emission_factors_observed_median,,1.01369863014,,4,True,True,https://www.deq.virginia.gov/news-info/shortcuts/permits/air/issued-air-permits-for-data-centers,data/raw/deq/pdfs/74317-1_Amazon_Data_Services_Inc_IAD-205_307_317_612_612x.pdf,At least one headline value is imputed from global observed medians for smoke/central baseline coverage.,70.6894736842,-77.490956824535,38.74900482917,True,Exact,"9720 DEAN DR, MANASSAS, VA, 20110",2634,area_pop_002634
VA_DEQ_74317_SITE_02,deq_va_deq_74317_site_02,deq_va_deq_74317_site_02_gensets,74317,"9708 Dean Drive Manassas, Virginia 20110",9708 Dean Drive,Manassas,20110,15m,70.6894736842,imputed_from_pm25_budget_divided_by_pm25_factor,pm25_budget_and_factor,1.01369863014,permit_extracted_pm25_budget,deq_permit_74317,0.0143401637798,imputed_global_median_observed_pm25_lb_per_mwh,deq_emission_factors_observed_median,,1.01369863014,,4,True,True,https://www.deq.virginia.gov/news-info/shortcuts/permits/air/issued-air-permits-for-data-centers,data/raw/deq/pdfs/74317-1_Amazon_Data_Services_Inc_IAD-205_307_317_612_612x.pdf,At least one headline value is imputed from global observed medians for smoke/central baseline coverage.,70.6894736842,-77.490799978387,38.749115928527,True,Exact,"9708 DEAN DR, MANASSAS, VA, 20110",2634,area_pop_002634
VA_DEQ_74317_SITE_03,deq_va_deq_74317_site_03,deq_va_deq_74317_site_03_gensets,74317,"9709 Dean Drive Manassas, Virginia 20110",9709 Dean Drive,Manassas,20110,15m,70.6894736842,imputed_from_pm25_budget_divided_by_pm25_factor,pm25_budget_and_factor,1.01369863014,permit_extracted_pm25_budget,deq_permit_74317,0.0143401637798,imputed_global_median_observed_pm25_lb_per_mwh,deq_emission_factors_observed_median,,1.01369863014,,4,True,True,https://www.deq.virginia.gov/news-info/shortcuts/permits/air/issued-air-permits-for-data-centers,data/raw/deq/pdfs/74317-1_Amazon_Data_Services_Inc_IAD-205_307_317_612_612x.pdf,At least one headline value is imputed from global observed medians for smoke/central baseline coverage.,70.6894736842,-77.490949462731,38.749164844044,True,Exact,"9709 DEAN DR, MANASSAS, VA, 20110",2634,area_pop_002634
VA_DEQ_74317_SITE_04,deq_va_deq_74317_site_04,deq_va_deq_74317_site_04_gensets,74317,"9496 Technology Drive Manassas, Virginia 20110",9496 Technology Drive,Manassas,20110,15m,70.6894736842,imputed_from_pm25_budget_divided_by_pm25_factor,pm25_budget_and_factor,1.01369863014,permit_extracted_pm25_budget,deq_permit_74317,0.0143401637798,imputed_global_median_observed_pm25_lb_per_mwh,deq_emission_factors_observed_median,,1.01369863014,,4,True,True,https://www.deq.virginia.gov/news-info/shortcuts/permits/air/issued-air-permits-for-data-centers,data/raw/deq/pdfs/74317-1_Amazon_Data_Services_Inc_IAD-205_307_317_612_612x.pdf,At least one headline value is imputed from global observed medians for smoke/central baseline coverage.,70.6894736842,-77.4869993,38.7463583,True,zip_centroid_approx,ZCTA centroid 20110,2634,area_pop_002634
VA_DEQ_74317_SITE_05,deq_va_deq_74317_site_05,deq_va_deq_74317_site_05_gensets,74317,"9501 Technology Drive Manassas, Virginia 20110",9501 Technology Drive,Manassas,20110,15m,70.6894736842,imputed_from_pm25_budget_divided_by_pm25_factor,pm25_budget_and_factor,1.01369863014,permit_extracted_pm25_budget,deq_permit_74317,0.0143401637798,imputed_global_median_observed_pm25_lb_per_mwh,deq_emission_factors_observed_median,,1.01369863014,,4,True,True,https://www.deq.virginia.gov/news-info/shortcuts/permits/air/issued-air-permits-for-data-centers,data/raw/deq/pdfs/74317-1_Amazon_Data_Services_Inc_IAD-205_307_317_612_612x.pdf,At least one headline value is imputed from global observed medians for smoke/central baseline coverage.,70.6894736842,-77.495033722628,38.749005289951,True,Exact,"9501 TECHNOLOGY DR, MANASSAS, VA, 20110",2634,area_pop_002634
VA_DEQ_80941_SITE_01,deq_va_deq_80941_site_01,deq_va_deq_80941_site_01_gensets,80941,"8209 Valley Pike Middletown, Virginia 22665",8209 Valley Pike,Middletown,22665,15m,56.9973684209,imputed_from_pm25_budget_divided_by_pm25_factor,pm25_budget_and_factor,0.817351598174,imputed_global_median_pm25_budget,global_median_pm25_budget,0.0143401637798,imputed_global_median_observed_pm25_lb_per_mwh,deq_emission_factors_observed_median,,,,4,True,True,https://www.deq.virginia.gov/news-info/shortcuts/permits/air/issued-air-permits-for-data-centers,data/raw/deq/pdfs/80941-6_Cardinal_Energy_Corporation.pdf,At least one headline value is imputed from global observed medians for smoke/central baseline coverage.,56.9973684209,-78.2906980428,39.020356741961,True,Non_Exact,"8209 VALLEY PIKE, MIDDLETOWN, VA, 22645",3769,area_pop_003769
VA_DEQ_81609_SITE_01,deq_va_deq_81609_site_01,deq_va_deq_81609_site_01_gensets,81609,"1175 North Main Street Harrisonburg, Virginia 22802-4630",1175 North Main Street,Harrisonburg,22802-4630,15m,56.9973684209,imputed_from_pm25_budget_divided_by_pm25_factor,pm25_budget_and_factor,0.817351598174,imputed_global_median_pm25_budget,global_median_pm25_budget,0.0143401637798,imputed_global_median_observed_pm25_lb_per_mwh,deq_emission_factors_observed_median,,,,4,True,True,https://www.deq.virginia.gov/news-info/shortcuts/permits/air/issued-air-permits-for-data-centers,data/raw/deq/pdfs/81609-5_Anthem_CDC_3.pdf,At least one headline value is imputed from global observed medians for smoke/central baseline coverage.,56.9973684209,-78.854970679385,38.460743495687,True,Non_Exact,"1175 N MAIN ST, HARRISONBURG, VA, 22802",2329,area_pop_002329
